Workbook

Sheet 0 KULLANIM
A1: YEDİHİLAL İSTANBUL — İLÇE KARNE VE PERFORMANS SİSTEMİ
B3: ◐ LOGO BURAYA | C3: YEDİHİLAL — Yedi Tepeden Yedi Kıtaya
C4: İLKELERİMİZ: İman · İlim · İstişare · İrfan · Hikmet · Ahlak · Hareket
C5: «Nizamsız hâk, nizamlı bâtıla mağlûb olur.» — Mustafa Sabri Efendi
C6: «Biz zaferden değil seferden sorumluyuz.»
C7: Bu dosya, İstanbul'un 39 ilçesinin tamamını kapsar. Temsilciliğimiz olan 9 ilçe AKTİF; kalan 30 ilçe hazır bekliyor — açıldıkça «AKTİF?» sütununu «Evet» yap, sistem onu kendiliğinden sıralamaya ve dashboard'a alır.
B8: ↑ Kurumsal YediHilal logosunu bu kutuya yapıştır (Ekle → Resim).
B10: AYLIK DÖNGÜ — 4 ADIM
B11: Adım | C11: Ne yapılır | D11: KİM YAPAR | E11: Ne zaman
B12: 1 — ARA VE SOR | C12: «2 ARAMA KILAVUZU» sekmesini önüne al. 12 soruyu sırayla sor. Cevapları doğrudan «3 VERİ GİRİŞİ»ne yaz. | D12: Veri ve Raporlama Birimi / arayan görevli | E12: Ayın son haftası
B13: 2 — GİR | C13: Sadece MAVİ (ham veri) sütunları doldur. PUAN sütunlarına DOKUNMA — kendiliğinden hesaplanır. | D13: Arayan görevli | E13: Arama sırasında
B14: 3 — ARŞİVLE | C14: «3 VERİ GİRİŞİ»ndeki TOPLAM sütununu kopyala → «4 AYLIK ARŞİV»de o ayın sütununa DEĞER olarak yapıştır (Ctrl+Shift+V). | D14: Sekreterya (Mücahit Tiryaki) | E14: Ay bitince
B15: 4 — SUN | C15: «5 DASHBOARD» otomatik dolar: sıralama, trend okları, zayıf kriter haritası, grafikler. Ekranı yansıt. | D15: Teşkilatlanma Birim Başkanı | E15: Ayın ilk haftası, Reis'e
A17: YENİ TEMSİLCİLİK AÇILDIĞINDA: «3 VERİ GİRİŞİ»nde o ilçenin satırını bul, «AKTİF?» sütununu «Evet» yap. Hepsi bu. Sıralama, ortalama, dashboard ve grafikler kendiliğinden o ilçeyi de hesaba katar. 39 ilçenin tamamı hazır bekliyor.
B19: BAŞLIKLARI DEĞİŞTİRMEK İSTERSEN
A20: «1 AYAR» sekmesine git. 12 kriterin ADI, TİPİ, KATSAYISI ve MAX PUANI orada — hepsi mavi, hepsi değiştirilebilir. · Kriter adını değiştir → veri girişi, arama kılavuzu ve dashboard başlıkları kendiliğinden değişir. · Katsayı veya max puanı değiştir → 39 ilçenin puanı anında yeniden hesaplanır. · TEK KURAL: max puanların toplamı 100 olmalı. Ayar sayfasında otomatik kontrol var. · Tipler: «Sayı» (adet × katsayı) · «Evet/Hayır» (Var/Yapıldı = tam puan) · «Metin» (anlamlı açıklama = tam puan).
B22: MART 2024 DOĞRULAMASI
A23: Motor, Mart 2024 karnenizin ham verisiyle test edildi. 9 ilçenin 8'i BİREBİR aynı çıkıyor (Bahçelievler 63,00 · Kartal 46,50 · Kadıköy 41,50 · Kağıthane 39,00 · Bağcılar 36,00 · Ümraniye 35,00 · Üsküdar 32,50 · Pendik 30,00). TEK FARK — ESENLER: Orijinalde 59,00, sistemde 58,00. Sebebi: kurumsal ziyaret sayısı 6 ve tabloya 6 puan yazılmış — ama o kriterin tavanı 5. Orijinal tabloda tavan uygulanmamış. Sistem uyguluyor: tavan olmazsa ağırlıklandırma bozulur ve toplam 100'ü aşabilir.

Sheet 1 AYAR
A1: AYAR — KRİTER VE PUANLAMA MOTORU
A3: # | B3: KRİTER ADI (değiştirilebilir) | C3: TİP | D3: KATSAYI | E3: MAX PUAN | F3: PUANLAMA KURALI | G3: Veri Girişi sütunu
A4: 1 | B4: İlçe Yönetim Kurulu kişi sayısı | C4: Sayı | D4: 1 | E4: 20 | F4: Her kişi 1 puan. Tavan 20. | G4: E
A5: 2 | B5: Aylık yapılan YK toplantı sayısı | C5: Sayı | D5: 2.5 | E5: 10 | F5: Her toplantı 2,5 puan. Tavan 10 (4 toplantı = tam puan). | G5: G
A6: 3 | B6: İlçenin kendine ait temsilcilik merkezi var mı? | C6: Evet/Hayır | D6: 0 | E6: 5 | F6: Var = 5, Yok = 0. | G6: I
A7: 4 | B7: Yed-i Hilal Meclisi kişi sayısı | C7: Sayı | D7: 0.5 | E7: 10 | F7: Her kişi 0,5 puan. Tavan 10 (20 kişi). | G7: K
A8: 5 | B8: Yeni gönüllü çalışması katılım sayısı | C8: Sayı | D8: 1 | E8: 10 | F8: Her yeni gönüllü 1 puan. Tavan 10. | G8: M
A9: 6 | B9: «Yatsıya Kadar» programı yapıldı mı? | C9: Evet/Hayır | D9: 0 | E9: 10 | F9: Yapıldı = 10, Yapılmadı = 0. | G9: O
A10: 7 | B10: Sabah Namazı Buluşması yapıldı mı? | C10: Evet/Hayır | D10: 0 | E10: 10 | F10: Yapıldı = 10, Yapılmadı = 0. | G10: Q
A11: 8 | B11: Ortaokul ziyareti (kaç okula?) | C11: Sayı | D11: 1 | E11: 5 | F11: Her okul 1 puan. Tavan 5. | G11: S
A12: 9 | B12: Lise ziyareti (kaç okula?) | C12: Sayı | D12: 1 | E12: 5 | F12: Her okul 1 puan. Tavan 5. | G12: U
A13: 10 | B13: Bağışçı ziyareti (kaç ziyaret?) | C13: Sayı | D13: 1 | E13: 5 | F13: Her ziyaret 1 puan. Tavan 5. | G13: W
A14: 11 | B14: Kurumsal ziyaret (kaç kurum?) | C14: Sayı | D14: 1 | E14: 5 | F14: Her kurum 1 puan. Tavan 5. | G14: Y
A15: 12 | B15: İlçeye özgün çalışma (nerede, ne zaman, ne yapıldı?) | C15: Metin | D15: 0 | E15: 5 | F15: Anlamlı açıklama = 5 puan; boş = 0. | G15: AA
B16: MAX PUAN TOPLAMI | E16: =SUM(E4:E15) -> 100 | F16: =IF(E16=100,"✔ Doğru — toplam 100","✘ HATA: toplam 100 olmalı, şu an "&E16) -> ✔ Doğru — toplam 100
B18: TİP AÇIKLAMASI
B19: Tip | C19: Nasıl puanlanır | D19: Örnek
B20: Sayı | C20: Puan = adet × katsayı; MAX PUAN'ı aşamaz | D20: 12 kişilik YK × 1 = 12 puan · 4 toplantı × 2,5 = 10 puan
B21: Evet/Hayır | C21: «Var» / «Yapıldı» / «Evet» → TAM PUAN; başka her şey 0 | D21: Merkez «Var» → 5 · Sabah namazı «Yapılmadı» → 0
B22: Metin | C22: 3 harften uzun anlamlı açıklama → TAM PUAN; boş → 0 | D22: «Baba-Oğul Etkinlikleri» → 5 puan
B25: SINIF EŞİKLERİ (değiştirilebilir)
B26: Sınıf | C26: Alt sınır | D26: Anlamı | E26: Zorunlu aksiyon
B27: A | C27: 65 | D27: Örnek ilçe | E27: Model olarak sunulur, diğerlerine anlattırılır, yıl sonu ödül
B28: B | C28: 50 | D28: Sağlıklı | E28: Standart takip; bir zayıf kriterde hedef verilir
B29: C | C29: 35 | D29: Riskli | E29: Ay içinde ziyaret + yazılı gelişim planı
B30: D | C30: 0 | D30: Kritik | E30: Temsilci ile birebir görüşme + 60 gün içinde kadro değerlendirmesi
A32: EŞİK NOTU: Mart 2024 İstanbul ortalaması 42,17 ve en yüksek puan 63'tü. Klasik 85/70/50 eşiği kullanılsaydı 9 ilçenin 9'u da C-D çıkardı; bu da karneyi anlamsızlaştırır ve ekibi kırar. Eşikler gerçekliğe göre 65/50/35 kondu. Ortalama yükseldikçe eşiği de yukarı çek — karne gerçeği ölçmeli, moral bozmamalı.

Sheet 2 ARAMA KILAVUZU
A1: ARAMA KILAVUZU — TELEFONDA NE SORULACAK, KİME KAÇ PUAN VERİLECEK
A2: Bu sayfa, arama yapacak görevlinin önüne konur. Görevli PUAN VERMEZ — sadece cevabı yazar. Puanı sistem hesaplar. Görevlinin tek işi: doğru soruyu sormak ve doğru hücreye yazmak.
A3: # | B3: Kriter | C3: TELEFONDA SORULACAK CÜMLE (birebir oku) | D3: Hangi sütuna | E3: Nasıl yazılır | F3: Bu kaç puan eder | G3: DİKKAT / TUZAK | H3: Max
A4: 1 | B4: ='1 AYAR'!B4 -> İlçe Yönetim Kurulu kişi sayısı | C4: «Yönetim kurulunuz kaç kişi? Listede adı olup toplantıya gelmeyeni sayma.» | D4: E | E4: Sadece RAKAM yaz (0, 1, 2, 3...) | F4: Her 1 adet = 1 puan (tavan 20) | G4: En sık şişirilen kalem. 'Listede 18 var' derse sor: 'Son toplantıya kaçı geldi?' | H4: 20
A5: 2 | B5: ='1 AYAR'!B5 -> Aylık yapılan YK toplantı sayısı | C5: «Bu ay kaç kez yönetim kurulu toplantısı yaptınız? Tutanağı var mı?» | D5: G | E5: Sadece RAKAM yaz (0, 1, 2, 3...) | F5: Her 1 adet = 2,5 puan (tavan 10) | G5: Tutanağı olmayan toplantı sayılmaz. 'Yaptık ama yazmadık' = yapılmamıştır. | H5: 10
A6: 3 | B6: ='1 AYAR'!B6 -> İlçenin kendine ait temsilcilik merkezi var mı? | C6: «Kendinize ait, 7/24 kullanabildiğiniz bir merkeziniz var mı?» | D6: I | E6: «Var»/«Yok» veya «Yapıldı»/«Yapılmadı» (açılır menü var) | F6: Var/Yapıldı = 5 puan · Yok/Yapılmadı = 0 | G6: Cami odası paylaşmak 'var' sayılmaz. Kira ödeniyor mu, anahtar sizde mi? | H6: 5
A7: 4 | B7: ='1 AYAR'!B7 -> Yed-i Hilal Meclisi kişi sayısı | C7: «Yed-i Hilal Meclisiniz kaç kişi? Son ne zaman toplandı?» | D7: K | E7: Sadece RAKAM yaz (0, 1, 2, 3...) | F7: Her 1 adet = 0,5 puan (tavan 10) | G7: İsim listesi değil, gerçekten toplanan meclis sorulmalı. | H7: 10
A8: 5 | B8: ='1 AYAR'!B8 -> Yeni gönüllü çalışması katılım sayısı | C8: «Bu ay ilk defa çalışmalarımıza katılan kaç YENİ isim oldu? İsimleri neler?» | D8: M | E8: Sadece RAKAM yaz (0, 1, 2, 3...) | F8: Her 1 adet = 1 puan (tavan 10) | G8: 'Yeni' = bu ay ilk kez gelen. İsimleri de iste — Aday Havuzu'na yazacaksın. | H8: 10
A9: 6 | B9: ='1 AYAR'!B9 -> «Yatsıya Kadar» programı yapıldı mı? | C9: «Bu ay Yatsıya Kadar programı yaptınız mı? Kaç kişi katıldı?» | D9: O | E9: «Var»/«Yok» veya «Yapıldı»/«Yapılmadı» (açılır menü var) | F9: Var/Yapıldı = 10 puan · Yok/Yapılmadı = 0 | G9: Mart 2024'te 9 ilçenin 9'u da yapmamış. Tek soruda 10 puan — en kolay kazanılacak puan burada. | H9: 10
A10: 7 | B10: ='1 AYAR'!B10 -> Sabah Namazı Buluşması yapıldı mı? | C10: «Bu ay sabah namazı buluşması yaptınız mı? Hangi camide, kaç kişi?» | D10: Q | E10: «Var»/«Yok» veya «Yapıldı»/«Yapılmadı» (açılır menü var) | F10: Var/Yapıldı = 10 puan · Yok/Yapılmadı = 0 | G10: Cami adı ve katılım sayısı sorulmadan 'yapıldı' yazılmaz. | H10: 10
A11: 8 | B11: ='1 AYAR'!B11 -> Ortaokul ziyareti (kaç okula?) | C11: «Bu ay kaç ORTAOKULA ziyaret yaptınız? Okul isimleri?» | D11: S | E11: Sadece RAKAM yaz (0, 1, 2, 3...) | F11: Her 1 adet = 1 puan (tavan 5) | G11: Aynı okula 3 kez gitmek 1 okuldur. Okul SAYISI soruluyor. | H11: 5
A12: 9 | B12: ='1 AYAR'!B12 -> Lise ziyareti (kaç okula?) | C12: «Bu ay kaç LİSEYE ziyaret yaptınız? Okul isimleri?» | D12: U | E12: Sadece RAKAM yaz (0, 1, 2, 3...) | F12: Her 1 adet = 1 puan (tavan 5) | G12: İmam-Hatip Liseleri öncelikli. Hangi liseye gidildiğini not al. | H12: 5
A13: 10 | B13: ='1 AYAR'!B13 -> Bağışçı ziyareti (kaç ziyaret?) | C13: «Bu ay kaç bağışçı/hayırsever ziyareti yaptınız?» | D13: W | E13: Sadece RAKAM yaz (0, 1, 2, 3...) | F13: Her 1 adet = 1 puan (tavan 5) | G13: Telefonla arama ziyaret değildir. Yüz yüze görüşme sayılır. | H13: 5
A14: 11 | B14: ='1 AYAR'!B14 -> Kurumsal ziyaret (kaç kurum?) | C14: «Hangi kurumları ziyaret ettiniz? (müftülük, okul idaresi, STK, belediye, esnaf odası)» | D14: Y | E14: Sadece RAKAM yaz (0, 1, 2, 3...) | F14: Her 1 adet = 1 puan (tavan 5) | G14: TAVAN 5'TİR. Mart 2024'te bir ilçeye 6 puan yazılmış — sistem artık buna izin vermiyor. | H14: 5
A15: 12 | B15: ='1 AYAR'!B15 -> İlçeye özgün çalışma (nerede, ne zaman, ne yapıldı?) | C15: «Sadece size özgü, başka ilçede olmayan bir çalışma yaptınız mı? Nerede, ne zaman, kaç kişiyle?» | D15: AA | E15: Açıklamayı CÜMLE olarak yaz | F15: Anlamlı açıklama = 5 puan · boş = 0 | G15: 'Evet yaptık' yetmez. Nerede + ne zaman + kaç kişi yoksa puan yok. | H15: 5
B17: ARAMANIN AKIŞI
A18: # | B18: Aşama | C18: Ne denir / ne yapılır | D18: Süre
A19: 1 | B19: Açılış | C19: «Selamünaleyküm [isim] kardeşim, ben [görevli], İl Teşkilatlanma Komisyonu'ndan arıyorum. Aylık raporunuz için 10 dakikanızı alabilir miyim?» | D19: 1 dk
A20: 2 | B20: Çerçeve | C20: «Bu bir denetim değil; ihtiyacınızı görebilmemiz için. 12 kısa soru soracağım.» | D20: 30 sn
A21: 3 | B21: 12 soru | C21: Yukarıdaki sırayla, birebir sor. Cevabı ANINDA Veri Girişi'ne yaz. Yorum yapma, tartışma. | D21: 6-8 dk
A22: 4 | B22: Yeni isim avı | C22: «Bu ay öne çıkan, görev verilebilecek 2 genç ismi söyler misin?» → Aday Havuzu'na aktar. | D22: 1 dk
A23: 5 | B23: Komşu ilçe sorusu | C23: «Yan ilçede (hedef ilçe adı) tanıdığın var mı? Yeni teşkilat için isim arıyoruz.» → 30 hedef ilçenin kapısı bu soru. | D23: 1 dk
A24: 6 | B24: İhtiyaç sorusu | C24: «Bizden ne bekliyorsun? İl olarak size en çok neyle destek olabiliriz?» | D24: 1 dk
A25: 7 | B25: Kapanış | C25: «Allah razı olsun. Puanın çıkınca sana da göndereceğim.» → Şeffaflık güven verir. | D25: 30 sn
B27: GÖREVLİNİN ALTIN KURALLARI
B28: 1. PUAN VERME. Sen sadece cevabı yazarsın; puanı Excel hesaplar. Böylece kimse 'bana neden az verdin' diyemez.
B29: 2. TAHMİN ETME. 'Şey, galiba 3-4' derse: «Net rakam söyle, yoksa düşüğünü yazacağım.» Belirsizlik daima düşük yazılır.
B30: 3. KANIT SOR. Toplantı için tutanak, program için katılım sayısı, okul için OKUL ADI. Kanıtsız beyan yazılmaz.
B31: 4. AYNI GÜN GİR. Kâğıda not alıp sonra girme — kayıp ve hata buradan çıkar.
B32: 5. TARTIŞMA. İtiraz gelirse: «Ham veriyi ben yazdım, puanı sistem verdi. Yanlış yazdıysam düzeltelim.»
B33: 6. AYIN ORTASINDA HATIRLAT. Ay sonunda tek aramayla 12 soruyu doldurmak zordur. Ayın 15'inde kısa bir hatırlatma araması yap.

Sheet 3 VERI GIRISI
A1: AYLIK VERİ GİRİŞİ — İSTANBUL'UN 39 İLÇESİ (sadece AKTİF olanlar puanlanır)
A2: Değerlendirme ayı: | C2: Mart 2024 | E2: ← Örnek veri: Mart 2024 gerçek karneniz. Yeni ay için ham veri sütunlarını temizle. Yeni temsilcilik açılınca AKTİF? = Evet yap.
A4: Sıra | B4: Bölge | C4: İLÇE | D4: AKTİF? | E4: ='1 AYAR'!B4 -> İlçe Yönetim Kurulu kişi sayısı | G4: ='1 AYAR'!B5 -> Aylık yapılan YK toplantı sayısı | I4: ='1 AYAR'!B6 -> İlçenin kendine ait temsilcilik merkezi var mı? | K4: ='1 AYAR'!B7 -> Yed-i Hilal Meclisi kişi sayısı | M4: ='1 AYAR'!B8 -> Yeni gönüllü çalışması katılım sayısı | O4: ='1 AYAR'!B9 -> «Yatsıya Kadar» programı yapıldı mı? | Q4: ='1 AYAR'!B10 -> Sabah Namazı Buluşması yapıldı mı? | S4: ='1 AYAR'!B11 -> Ortaokul ziyareti (kaç okula?) | U4: ='1 AYAR'!B12 -> Lise ziyareti (kaç okula?) | W4: ='1 AYAR'!B13 -> Bağışçı ziyareti (kaç ziyaret?) | Y4: ='1 AYAR'!B14 -> Kurumsal ziyaret (kaç kurum?) | AA4: ='1 AYAR'!B15 -> İlçeye özgün çalışma (nerede, ne zaman, ne yapıldı?) | AC4: TOPLAM | AD4: SINIF | AE4: Sıralama anahtarı | AF4: Arayan / tarih
E5: Ham veri | F5: PUAN | G5: Ham veri | H5: PUAN | I5: Ham veri | J5: PUAN | K5: Ham veri | L5: PUAN | M5: Ham veri | N5: PUAN | O5: Ham veri | P5: PUAN | Q5: Ham veri | R5: PUAN | S5: Ham veri | T5: PUAN | U5: Ham veri | V5: PUAN | W5: Ham veri | X5: PUAN | Y5: Ham veri | Z5: PUAN | AA5: Ham veri | AB5: PUAN
A6: =IF($D6<>"Evet","",RANK(AC6,$AC$6:$AC$44,0)) | B6: B1 HALİÇ HATTI | C6: Fatih | D6: Hayır | F6: =IF($D6<>"Evet","",IF('1 AYAR'!$C$4="Sayı",MIN(E6*'1 AYAR'!$D$4,'1 AYAR'!$E$4),IF('1 AYAR'!$C$4="Evet/Hayır",IF(OR(E6="Var",E6="Yapıldı",E6="Evet"),'1 AYAR'!$E$4,0),IF(LEN(E6)>3,'1 AYAR'!$E$4,0)))) | H6: =IF($D6<>"Evet","",IF('1 AYAR'!$C$5="Sayı",MIN(G6*'1 AYAR'!$D$5,'1 AYAR'!$E$5),IF('1 AYAR'!$C$5="Evet/Hayır",IF(OR(G6="Var",G6="Yapıldı",G6="Evet"),'1 AYAR'!$E$5,0),IF(LEN(G6)>3,'1 AYAR'!$E$5,0)))) | J6: =IF($D6<>"Evet","",IF('1 AYAR'!$C$6="Sayı",MIN(I6*'1 AYAR'!$D$6,'1 AYAR'!$E$6),IF('1 AYAR'!$C$6="Evet/Hayır",IF(OR(I6="Var",I6="Yapıldı",I6="Evet"),'1 AYAR'!$E$6,0),IF(LEN(I6)>3,'1 AYAR'!$E$6,0)))) | L6: =IF($D6<>"Evet","",IF('1 AYAR'!$C$7="Sayı",MIN(K6*'1 AYAR'!$D$7,'1 AYAR'!$E$7),IF('1 AYAR'!$C$7="Evet/Hayır",IF(OR(K6="Var",K6="Yapıldı",K6="Evet"),'1 AYAR'!$E$7,0),IF(LEN(K6)>3,'1 AYAR'!$E$7,0)))) | N6: =IF($D6<>"Evet","",IF('1 AYAR'!$C$8="Sayı",MIN(M6*'1 AYAR'!$D$8,'1 AYAR'!$E$8),IF('1 AYAR'!$C$8="Evet/Hayır",IF(OR(M6="Var",M6="Yapıldı",M6="Evet"),'1 AYAR'!$E$8,0),IF(LEN(M6)>3,'1 AYAR'!$E$8,0)))) | P6: =IF($D6<>"Evet","",IF('1 AYAR'!$C$9="Sayı",MIN(O6*'1 AYAR'!$D$9,'1 AYAR'!$E$9),IF('1 AYAR'!$C$9="Evet/Hayır",IF(OR(O6="Var",O6="Yapıldı",O6="Evet"),'1 AYAR'!$E$9,0),IF(LEN(O6)>3,'1 AYAR'!$E$9,0)))) | R6: =IF($D6<>"Evet","",IF('1 AYAR'!$C$10="Sayı",MIN(Q6*'1 AYAR'!$D$10,'1 AYAR'!$E$10),IF('1 AYAR'!$C$10="Evet/Hayır",IF(OR(Q6="Var",Q6="Yapıldı",Q6="Evet"),'1 AYAR'!$E$10,0),IF(LEN(Q6)>3,'1 AYAR'!$E$10,0)))) | T6: =IF($D6<>"Evet","",IF('1 AYAR'!$C$11="Sayı",MIN(S6*'1 AYAR'!$D$11,'1 AYAR'!$E$11),IF('1 AYAR'!$C$11="Evet/Hayır",IF(OR(S6="Var",S6="Yapıldı",S6="Evet"),'1 AYAR'!$E$11,0),IF(LEN(S6)>3,'1 AYAR'!$E$11,0)))) | V6: =IF($D6<>"Evet","",IF('1 AYAR'!$C$12="Sayı",MIN(U6*'1 AYAR'!$D$12,'1 AYAR'!$E$12),IF('1 AYAR'!$C$12="Evet/Hayır",IF(OR(U6="Var",U6="Yapıldı",U6="Evet"),'1 AYAR'!$E$12,0),IF(LEN(U6)>3,'1 AYAR'!$E$12,0)))) | X6: =IF($D6<>"Evet","",IF('1 AYAR'!$C$13="Sayı",MIN(W6*'1 AYAR'!$D$13,'1 AYAR'!$E$13),IF('1 AYAR'!$C$13="Evet/Hayır",IF(OR(W6="Var",W6="Yapıldı",W6="Evet"),'1 AYAR'!$E$13,0),IF(LEN(W6)>3,'1 AYAR'!$E$13,0)))) | Z6: =IF($D6<>"Evet","",IF('1 AYAR'!$C$14="Sayı",MIN(Y6*'1 AYAR'!$D$14,'1 AYAR'!$E$14),IF('1 AYAR'!$C$14="Evet/Hayır",IF(OR(Y6="Var",Y6="Yapıldı",Y6="Evet"),'1 AYAR'!$E$14,0),IF(LEN(Y6)>3,'1 AYAR'!$E$14,0)))) | AB6: =IF($D6<>"Evet","",IF('1 AYAR'!$C$15="Sayı",MIN(AA6*'1 AYAR'!$D$15,'1 AYAR'!$E$15),IF('1 AYAR'!$C$15="Evet/Hayır",IF(OR(AA6="Var",AA6="Yapıldı",AA6="Evet"),'1 AYAR'!$E$15,0),IF(LEN(AA6)>3,'1 AYAR'!$E$15,0)))) | AC6: =IF($D6<>"Evet","",F6+H6+J6+L6+N6+P6+R6+T6+V6+X6+Z6+AB6) | AD6: =IF($D6<>"Evet","",IF(AC6>='1 AYAR'!$C$27,"A",IF(AC6>='1 AYAR'!$C$28,"B",IF(AC6>='1 AYAR'!$C$29,"C","D")))) | AE6: =IF($D6<>"Evet","",AC6+ROW()/10000)
A7: =IF($D7<>"Evet","",RANK(AC7,$AC$6:$AC$44,0)) | B7: B1 HALİÇ HATTI | C7: Eyüpsultan | D7: Hayır | F7: =IF($D7<>"Evet","",IF('1 AYAR'!$C$4="Sayı",MIN(E7*'1 AYAR'!$D$4,'1 AYAR'!$E$4),IF('1 AYAR'!$C$4="Evet/Hayır",IF(OR(E7="Var",E7="Yapıldı",E7="Evet"),'1 AYAR'!$E$4,0),IF(LEN(E7)>3,'1 AYAR'!$E$4,0)))) | H7: =IF($D7<>"Evet","",IF('1 AYAR'!$C$5="Sayı",MIN(G7*'1 AYAR'!$D$5,'1 AYAR'!$E$5),IF('1 AYAR'!$C$5="Evet/Hayır",IF(OR(G7="Var",G7="Yapıldı",G7="Evet"),'1 AYAR'!$E$5,0),IF(LEN(G7)>3,'1 AYAR'!$E$5,0)))) | J7: =IF($D7<>"Evet","",IF('1 AYAR'!$C$6="Sayı",MIN(I7*'1 AYAR'!$D$6,'1 AYAR'!$E$6),IF('1 AYAR'!$C$6="Evet/Hayır",IF(OR(I7="Var",I7="Yapıldı",I7="Evet"),'1 AYAR'!$E$6,0),IF(LEN(I7)>3,'1 AYAR'!$E$6,0)))) | L7: =IF($D7<>"Evet","",IF('1 AYAR'!$C$7="Sayı",MIN(K7*'1 AYAR'!$D$7,'1 AYAR'!$E$7),IF('1 AYAR'!$C$7="Evet/Hayır",IF(OR(K7="Var",K7="Yapıldı",K7="Evet"),'1 AYAR'!$E$7,0),IF(LEN(K7)>3,'1 AYAR'!$E$7,0)))) | N7: =IF($D7<>"Evet","",IF('1 AYAR'!$C$8="Sayı",MIN(M7*'1 AYAR'!$D$8,'1 AYAR'!$E$8),IF('1 AYAR'!$C$8="Evet/Hayır",IF(OR(M7="Var",M7="Yapıldı",M7="Evet"),'1 AYAR'!$E$8,0),IF(LEN(M7)>3,'1 AYAR'!$E$8,0)))) | P7: =IF($D7<>"Evet","",IF('1 AYAR'!$C$9="Sayı",MIN(O7*'1 AYAR'!$D$9,'1 AYAR'!$E$9),IF('1 AYAR'!$C$9="Evet/Hayır",IF(OR(O7="Var",O7="Yapıldı",O7="Evet"),'1 AYAR'!$E$9,0),IF(LEN(O7)>3,'1 AYAR'!$E$9,0)))) | R7: =IF($D7<>"Evet","",IF('1 AYAR'!$C$10="Sayı",MIN(Q7*'1 AYAR'!$D$10,'1 AYAR'!$E$10),IF('1 AYAR'!$C$10="Evet/Hayır",IF(OR(Q7="Var",Q7="Yapıldı",Q7="Evet"),'1 AYAR'!$E$10,0),IF(LEN(Q7)>3,'1 AYAR'!$E$10,0)))) | T7: =IF($D7<>"Evet","",IF('1 AYAR'!$C$11="Sayı",MIN(S7*'1 AYAR'!$D$11,'1 AYAR'!$E$11),IF('1 AYAR'!$C$11="Evet/Hayır",IF(OR(S7="Var",S7="Yapıldı",S7="Evet"),'1 AYAR'!$E$11,0),IF(LEN(S7)>3,'1 AYAR'!$E$11,0)))) | V7: =IF($D7<>"Evet","",IF('1 AYAR'!$C$12="Sayı",MIN(U7*'1 AYAR'!$D$12,'1 AYAR'!$E$12),IF('1 AYAR'!$C$12="Evet/Hayır",IF(OR(U7="Var",U7="Yapıldı",U7="Evet"),'1 AYAR'!$E$12,0),IF(LEN(U7)>3,'1 AYAR'!$E$12,0)))) | X7: =IF($D7<>"Evet","",IF('1 AYAR'!$C$13="Sayı",MIN(W7*'1 AYAR'!$D$13,'1 AYAR'!$E$13),IF('1 AYAR'!$C$13="Evet/Hayır",IF(OR(W7="Var",W7="Yapıldı",W7="Evet"),'1 AYAR'!$E$13,0),IF(LEN(W7)>3,'1 AYAR'!$E$13,0)))) | Z7: =IF($D7<>"Evet","",IF('1 AYAR'!$C$14="Sayı",MIN(Y7*'1 AYAR'!$D$14,'1 AYAR'!$E$14),IF('1 AYAR'!$C$14="Evet/Hayır",IF(OR(Y7="Var",Y7="Yapıldı",Y7="Evet"),'1 AYAR'!$E$14,0),IF(LEN(Y7)>3,'1 AYAR'!$E$14,0)))) | AB7: =IF($D7<>"Evet","",IF('1 AYAR'!$C$15="Sayı",MIN(AA7*'1 AYAR'!$D$15,'1 AYAR'!$E$15),IF('1 AYAR'!$C$15="Evet/Hayır",IF(OR(AA7="Var",AA7="Yapıldı",AA7="Evet"),'1 AYAR'!$E$15,0),IF(LEN(AA7)>3,'1 AYAR'!$E$15,0)))) | AC7: =IF($D7<>"Evet","",F7+H7+J7+L7+N7+P7+R7+T7+V7+X7+Z7+AB7) | AD7: =IF($D7<>"Evet","",IF(AC7>='1 AYAR'!$C$27,"A",IF(AC7>='1 AYAR'!$C$28,"B",IF(AC7>='1 AYAR'!$C$29,"C","D")))) | AE7: =IF($D7<>"Evet","",AC7+ROW()/10000)
A8: =IF($D8<>"Evet","",RANK(AC8,$AC$6:$AC$44,0)) | B8: B1 HALİÇ HATTI | C8: Gaziosmanpaşa | D8: Hayır | F8: =IF($D8<>"Evet","",IF('1 AYAR'!$C$4="Sayı",MIN(E8*'1 AYAR'!$D$4,'1 AYAR'!$E$4),IF('1 AYAR'!$C$4="Evet/Hayır",IF(OR(E8="Var",E8="Yapıldı",E8="Evet"),'1 AYAR'!$E$4,0),IF(LEN(E8)>3,'1 AYAR'!$E$4,0)))) | H8: =IF($D8<>"Evet","",IF('1 AYAR'!$C$5="Sayı",MIN(G8*'1 AYAR'!$D$5,'1 AYAR'!$E$5),IF('1 AYAR'!$C$5="Evet/Hayır",IF(OR(G8="Var",G8="Yapıldı",G8="Evet"),'1 AYAR'!$E$5,0),IF(LEN(G8)>3,'1 AYAR'!$E$5,0)))) | J8: =IF($D8<>"Evet","",IF('1 AYAR'!$C$6="Sayı",MIN(I8*'1 AYAR'!$D$6,'1 AYAR'!$E$6),IF('1 AYAR'!$C$6="Evet/Hayır",IF(OR(I8="Var",I8="Yapıldı",I8="Evet"),'1 AYAR'!$E$6,0),IF(LEN(I8)>3,'1 AYAR'!$E$6,0)))) | L8: =IF($D8<>"Evet","",IF('1 AYAR'!$C$7="Sayı",MIN(K8*'1 AYAR'!$D$7,'1 AYAR'!$E$7),IF('1 AYAR'!$C$7="Evet/Hayır",IF(OR(K8="Var",K8="Yapıldı",K8="Evet"),'1 AYAR'!$E$7,0),IF(LEN(K8)>3,'1 AYAR'!$E$7,0)))) | N8: =IF($D8<>"Evet","",IF('1 AYAR'!$C$8="Sayı",MIN(M8*'1 AYAR'!$D$8,'1 AYAR'!$E$8),IF('1 AYAR'!$C$8="Evet/Hayır",IF(OR(M8="Var",M8="Yapıldı",M8="Evet"),'1 AYAR'!$E$8,0),IF(LEN(M8)>3,'1 AYAR'!$E$8,0)))) | P8: =IF($D8<>"Evet","",IF('1 AYAR'!$C$9="Sayı",MIN(O8*'1 AYAR'!$D$9,'1 AYAR'!$E$9),IF('1 AYAR'!$C$9="Evet/Hayır",IF(OR(O8="Var",O8="Yapıldı",O8="Evet"),'1 AYAR'!$E$9,0),IF(LEN(O8)>3,'1 AYAR'!$E$9,0)))) | R8: =IF($D8<>"Evet","",IF('1 AYAR'!$C$10="Sayı",MIN(Q8*'1 AYAR'!$D$10,'1 AYAR'!$E$10),IF('1 AYAR'!$C$10="Evet/Hayır",IF(OR(Q8="Var",Q8="Yapıldı",Q8="Evet"),'1 AYAR'!$E$10,0),IF(LEN(Q8)>3,'1 AYAR'!$E$10,0)))) | T8: =IF($D8<>"Evet","",IF('1 AYAR'!$C$11="Sayı",MIN(S8*'1 AYAR'!$D$11,'1 AYAR'!$E$11),IF('1 AYAR'!$C$11="Evet/Hayır",IF(OR(S8="Var",S8="Yapıldı",S8="Evet"),'1 AYAR'!$E$11,0),IF(LEN(S8)>3,'1 AYAR'!$E$11,0)))) | V8: =IF($D8<>"Evet","",IF('1 AYAR'!$C$12="Sayı",MIN(U8*'1 AYAR'!$D$12,'1 AYAR'!$E$12),IF('1 AYAR'!$C$12="Evet/Hayır",IF(OR(U8="Var",U8="Yapıldı",U8="Evet"),'1 AYAR'!$E$12,0),IF(LEN(U8)>3,'1 AYAR'!$E$12,0)))) | X8: =IF($D8<>"Evet","",IF('1 AYAR'!$C$13="Sayı",MIN(W8*'1 AYAR'!$D$13,'1 AYAR'!$E$13),IF('1 AYAR'!$C$13="Evet/Hayır",IF(OR(W8="Var",W8="Yapıldı",W8="Evet"),'1 AYAR'!$E$13,0),IF(LEN(W8)>3,'1 AYAR'!$E$13,0)))) | Z8: =IF($D8<>"Evet","",IF('1 AYAR'!$C$14="Sayı",MIN(Y8*'1 AYAR'!$D$14,'1 AYAR'!$E$14),IF('1 AYAR'!$C$14="Evet/Hayır",IF(OR(Y8="Var",Y8="Yapıldı",Y8="Evet"),'1 AYAR'!$E$14,0),IF(LEN(Y8)>3,'1 AYAR'!$E$14,0)))) | AB8: =IF($D8<>"Evet","",IF('1 AYAR'!$C$15="Sayı",MIN(AA8*'1 AYAR'!$D$15,'1 AYAR'!$E$15),IF('1 AYAR'!$C$15="Evet/Hayır",IF(OR(AA8="Var",AA8="Yapıldı",AA8="Evet"),'1 AYAR'!$E$15,0),IF(LEN(AA8)>3,'1 AYAR'!$E$15,0)))) | AC8: =IF($D8<>"Evet","",F8+H8+J8+L8+N8+P8+R8+T8+V8+X8+Z8+AB8) | AD8: =IF($D8<>"Evet","",IF(AC8>='1 AYAR'!$C$27,"A",IF(AC8>='1 AYAR'!$C$28,"B",IF(AC8>='1 AYAR'!$C$29,"C","D")))) | AE8: =IF($D8<>"Evet","",AC8+ROW()/10000)
A9: =IF($D9<>"Evet","",RANK(AC9,$AC$6:$AC$44,0)) | B9: B1 HALİÇ HATTI | C9: Sultangazi | D9: Hayır | F9: =IF($D9<>"Evet","",IF('1 AYAR'!$C$4="Sayı",MIN(E9*'1 AYAR'!$D$4,'1 AYAR'!$E$4),IF('1 AYAR'!$C$4="Evet/Hayır",IF(OR(E9="Var",E9="Yapıldı",E9="Evet"),'1 AYAR'!$E$4,0),IF(LEN(E9)>3,'1 AYAR'!$E$4,0)))) | H9: =IF($D9<>"Evet","",IF('1 AYAR'!$C$5="Sayı",MIN(G9*'1 AYAR'!$D$5,'1 AYAR'!$E$5),IF('1 AYAR'!$C$5="Evet/Hayır",IF(OR(G9="Var",G9="Yapıldı",G9="Evet"),'1 AYAR'!$E$5,0),IF(LEN(G9)>3,'1 AYAR'!$E$5,0)))) | J9: =IF($D9<>"Evet","",IF('1 AYAR'!$C$6="Sayı",MIN(I9*'1 AYAR'!$D$6,'1 AYAR'!$E$6),IF('1 AYAR'!$C$6="Evet/Hayır",IF(OR(I9="Var",I9="Yapıldı",I9="Evet"),'1 AYAR'!$E$6,0),IF(LEN(I9)>3,'1 AYAR'!$E$6,0)))) | L9: =IF($D9<>"Evet","",IF('1 AYAR'!$C$7="Sayı",MIN(K9*'1 AYAR'!$D$7,'1 AYAR'!$E$7),IF('1 AYAR'!$C$7="Evet/Hayır",IF(OR(K9="Var",K9="Yapıldı",K9="Evet"),'1 AYAR'!$E$7,0),IF(LEN(K9)>3,'1 AYAR'!$E$7,0)))) | N9: =IF($D9<>"Evet","",IF('1 AYAR'!$C$8="Sayı",MIN(M9*'1 AYAR'!$D$8,'1 AYAR'!$E$8),IF('1 AYAR'!$C$8="Evet/Hayır",IF(OR(M9="Var",M9="Yapıldı",M9="Evet"),'1 AYAR'!$E$8,0),IF(LEN(M9)>3,'1 AYAR'!$E$8,0)))) | P9: =IF($D9<>"Evet","",IF('1 AYAR'!$C$9="Sayı",MIN(O9*'1 AYAR'!$D$9,'1 AYAR'!$E$9),IF('1 AYAR'!$C$9="Evet/Hayır",IF(OR(O9="Var",O9="Yapıldı",O9="Evet"),'1 AYAR'!$E$9,0),IF(LEN(O9)>3,'1 AYAR'!$E$9,0)))) | R9: =IF($D9<>"Evet","",IF('1 AYAR'!$C$10="Sayı",MIN(Q9*'1 AYAR'!$D$10,'1 AYAR'!$E$10),IF('1 AYAR'!$C$10="Evet/Hayır",IF(OR(Q9="Var",Q9="Yapıldı",Q9="Evet"),'1 AYAR'!$E$10,0),IF(LEN(Q9)>3,'1 AYAR'!$E$10,0)))) | T9: =IF($D9<>"Evet","",IF('1 AYAR'!$C$11="Sayı",MIN(S9*'1 AYAR'!$D$11,'1 AYAR'!$E$11),IF('1 AYAR'!$C$11="Evet/Hayır",IF(OR(S9="Var",S9="Yapıldı",S9="Evet"),'1 AYAR'!$E$11,0),IF(LEN(S9)>3,'1 AYAR'!$E$11,0)))) | V9: =IF($D9<>"Evet","",IF('1 AYAR'!$C$12="Sayı",MIN(U9*'1 AYAR'!$D$12,'1 AYAR'!$E$12),IF('1 AYAR'!$C$12="Evet/Hayır",IF(OR(U9="Var",U9="Yapıldı",U9="Evet"),'1 AYAR'!$E$12,0),IF(LEN(U9)>3,'1 AYAR'!$E$12,0)))) | X9: =IF($D9<>"Evet","",IF('1 AYAR'!$C$13="Sayı",MIN(W9*'1 AYAR'!$D$13,'1 AYAR'!$E$13),IF('1 AYAR'!$C$13="Evet/Hayır",IF(OR(W9="Var",W9="Yapıldı",W9="Evet"),'1 AYAR'!$E$13,0),IF(LEN(W9)>3,'1 AYAR'!$E$13,0)))) | Z9: =IF($D9<>"Evet","",IF('1 AYAR'!$C$14="Sayı",MIN(Y9*'1 AYAR'!$D$14,'1 AYAR'!$E$14),IF('1 AYAR'!$C$14="Evet/Hayır",IF(OR(Y9="Var",Y9="Yapıldı",Y9="Evet"),'1 AYAR'!$E$14,0),IF(LEN(Y9)>3,'1 AYAR'!$E$14,0)))) | AB9: =IF($D9<>"Evet","",IF('1 AYAR'!$C$15="Sayı",MIN(AA9*'1 AYAR'!$D$15,'1 AYAR'!$E$15),IF('1 AYAR'!$C$15="Evet/Hayır",IF(OR(AA9="Var",AA9="Yapıldı",AA9="Evet"),'1 AYAR'!$E$15,0),IF(LEN(AA9)>3,'1 AYAR'!$E$15,0)))) | AC9: =IF($D9<>"Evet","",F9+H9+J9+L9+N9+P9+R9+T9+V9+X9+Z9+AB9) | AD9: =IF($D9<>"Evet","",IF(AC9>='1 AYAR'!$C$27,"A",IF(AC9>='1 AYAR'!$C$28,"B",IF(AC9>='1 AYAR'!$C$29,"C","D")))) | AE9: =IF($D9<>"Evet","",AC9+ROW()/10000)
A10: =IF($D10<>"Evet","",RANK(AC10,$AC$6:$AC$44,0)) | B10: B1 HALİÇ HATTI | C10: Bayrampaşa | D10: Hayır | F10: =IF($D10<>"Evet","",IF('1 AYAR'!$C$4="Sayı",MIN(E10*'1 AYAR'!$D$4,'1 AYAR'!$E$4),IF('1 AYAR'!$C$4="Evet/Hayır",IF(OR(E10="Var",E10="Yapıldı",E10="Evet"),'1 AYAR'!$E$4,0),IF(LEN(E10)>3,'1 AYAR'!$E$4,0)))) | H10: =IF($D10<>"Evet","",IF('1 AYAR'!$C$5="Sayı",MIN(G10*'1 AYAR'!$D$5,'1 AYAR'!$E$5),IF('1 AYAR'!$C$5="Evet/Hayır",IF(OR(G10="Var",G10="Yapıldı",G10="Evet"),'1 AYAR'!$E$5,0),IF(LEN(G10)>3,'1 AYAR'!$E$5,0)))) | J10: =IF($D10<>"Evet","",IF('1 AYAR'!$C$6="Sayı",MIN(I10*'1 AYAR'!$D$6,'1 AYAR'!$E$6),IF('1 AYAR'!$C$6="Evet/Hayır",IF(OR(I10="Var",I10="Yapıldı",I10="Evet"),'1 AYAR'!$E$6,0),IF(LEN(I10)>3,'1 AYAR'!$E$6,0)))) | L10: =IF($D10<>"Evet","",IF('1 AYAR'!$C$7="Sayı",MIN(K10*'1 AYAR'!$D$7,'1 AYAR'!$E$7),IF('1 AYAR'!$C$7="Evet/Hayır",IF(OR(K10="Var",K10="Yapıldı",K10="Evet"),'1 AYAR'!$E$7,0),IF(LEN(K10)>3,'1 AYAR'!$E$7,0)))) | N10: =IF($D10<>"Evet","",IF('1 AYAR'!$C$8="Sayı",MIN(M10*'1 AYAR'!$D$8,'1 AYAR'!$E$8),IF('1 AYAR'!$C$8="Evet/Hayır",IF(OR(M10="Var",M10="Yapıldı",M10="Evet"),'1 AYAR'!$E$8,0),IF(LEN(M10)>3,'1 AYAR'!$E$8,0)))) | P10: =IF($D10<>"Evet","",IF('1 AYAR'!$C$9="Sayı",MIN(O10*'1 AYAR'!$D$9,'1 AYAR'!$E$9),IF('1 AYAR'!$C$9="Evet/Hayır",IF(OR(O10="Var",O10="Yapıldı",O10="Evet"),'1 AYAR'!$E$9,0),IF(LEN(O10)>3,'1 AYAR'!$E$9,0)))) | R10: =IF($D10<>"Evet","",IF('1 AYAR'!$C$10="Sayı",MIN(Q10*'1 AYAR'!$D$10,'1 AYAR'!$E$10),IF('1 AYAR'!$C$10="Evet/Hayır",IF(OR(Q10="Var",Q10="Yapıldı",Q10="Evet"),'1 AYAR'!$E$10,0),IF(LEN(Q10)>3,'1 AYAR'!$E$10,0)))) | T10: =IF($D10<>"Evet","",IF('1 AYAR'!$C$11="Sayı",MIN(S10*'1 AYAR'!$D$11,'1 AYAR'!$E$11),IF('1 AYAR'!$C$11="Evet/Hayır",IF(OR(S10="Var",S10="Yapıldı",S10="Evet"),'1 AYAR'!$E$11,0),IF(LEN(S10)>3,'1 AYAR'!$E$11,0)))) | V10: =IF($D10<>"Evet","",IF('1 AYAR'!$C$12="Sayı",MIN(U10*'1 AYAR'!$D$12,'1 AYAR'!$E$12),IF('1 AYAR'!$C$12="Evet/Hayır",IF(OR(U10="Var",U10="Yapıldı",U10="Evet"),'1 AYAR'!$E$12,0),IF(LEN(U10)>3,'1 AYAR'!$E$12,0)))) | X10: =IF($D10<>"Evet","",IF('1 AYAR'!$C$13="Sayı",MIN(W10*'1 AYAR'!$D$13,'1 AYAR'!$E$13),IF('1 AYAR'!$C$13="Evet/Hayır",IF(OR(W10="Var",W10="Yapıldı",W10="Evet"),'1 AYAR'!$E$13,0),IF(LEN(W10)>3,'1 AYAR'!$E$13,0)))) | Z10: =IF($D10<>"Evet","",IF('1 AYAR'!$C$14="Sayı",MIN(Y10*'1 AYAR'!$D$14,'1 AYAR'!$E$14),IF('1 AYAR'!$C$14="Evet/Hayır",IF(OR(Y10="Var",Y10="Yapıldı",Y10="Evet"),'1 AYAR'!$E$14,0),IF(LEN(Y10)>3,'1 AYAR'!$E$14,0)))) | AB10: =IF($D10<>"Evet","",IF('1 AYAR'!$C$15="Sayı",MIN(AA10*'1 AYAR'!$D$15,'1 AYAR'!$E$15),IF('1 AYAR'!$C$15="Evet/Hayır",IF(OR(AA10="Var",AA10="Yapıldı",AA10="Evet"),'1 AYAR'!$E$15,0),IF(LEN(AA10)>3,'1 AYAR'!$E$15,0)))) | AC10: =IF($D10<>"Evet","",F10+H10+J10+L10+N10+P10+R10+T10+V10+X10+Z10+AB10) | AD10: =IF($D10<>"Evet","",IF(AC10>='1 AYAR'!$C$27,"A",IF(AC10>='1 AYAR'!$C$28,"B",IF(AC10>='1 AYAR'!$C$29,"C","D")))) | AE10: =IF($D10<>"Evet","",AC10+ROW()/10000)
A11: =IF($D11<>"Evet","",RANK(AC11,$AC$6:$AC$44,0)) -> 5 | B11: B1 HALİÇ HATTI | C11: Kağıthane | D11: Evet | E11: 10 | F11: =IF($D11<>"Evet","",IF('1 AYAR'!$C$4="Sayı",MIN(E11*'1 AYAR'!$D$4,'1 AYAR'!$E$4),IF('1 AYAR'!$C$4="Evet/Hayır",IF(OR(E11="Var",E11="Yapıldı",E11="Evet"),'1 AYAR'!$E$4,0),IF(LEN(E11)>3,'1 AYAR'!$E$4,0)))) -> 10 | G11: 3 | H11: =IF($D11<>"Evet","",IF('1 AYAR'!$C$5="Sayı",MIN(G11*'1 AYAR'!$D$5,'1 AYAR'!$E$5),IF('1 AYAR'!$C$5="Evet/Hayır",IF(OR(G11="Var",G11="Yapıldı",G11="Evet"),'1 AYAR'!$E$5,0),IF(LEN(G11)>3,'1 AYAR'!$E$5,0)))) -> 7.5 | I11: Yok | J11: =IF($D11<>"Evet","",IF('1 AYAR'!$C$6="Sayı",MIN(I11*'1 AYAR'!$D$6,'1 AYAR'!$E$6),IF('1 AYAR'!$C$6="Evet/Hayır",IF(OR(I11="Var",I11="Yapıldı",I11="Evet"),'1 AYAR'!$E$6,0),IF(LEN(I11)>3,'1 AYAR'!$E$6,0)))) -> 0 | K11: 3 | L11: =IF($D11<>"Evet","",IF('1 AYAR'!$C$7="Sayı",MIN(K11*'1 AYAR'!$D$7,'1 AYAR'!$E$7),IF('1 AYAR'!$C$7="Evet/Hayır",IF(OR(K11="Var",K11="Yapıldı",K11="Evet"),'1 AYAR'!$E$7,0),IF(LEN(K11)>3,'1 AYAR'!$E$7,0)))) -> 1.5 | M11: 3 | N11: =IF($D11<>"Evet","",IF('1 AYAR'!$C$8="Sayı",MIN(M11*'1 AYAR'!$D$8,'1 AYAR'!$E$8),IF('1 AYAR'!$C$8="Evet/Hayır",IF(OR(M11="Var",M11="Yapıldı",M11="Evet"),'1 AYAR'!$E$8,0),IF(LEN(M11)>3,'1 AYAR'!$E$8,0)))) -> 3 | O11: Yapılmadı | P11: =IF($D11<>"Evet","",IF('1 AYAR'!$C$9="Sayı",MIN(O11*'1 AYAR'!$D$9,'1 AYAR'!$E$9),IF('1 AYAR'!$C$9="Evet/Hayır",IF(OR(O11="Var",O11="Yapıldı",O11="Evet"),'1 AYAR'!$E$9,0),IF(LEN(O11)>3,'1 AYAR'!$E$9,0)))) -> 0 | Q11: Yapıldı | R11: =IF($D11<>"Evet","",IF('1 AYAR'!$C$10="Sayı",MIN(Q11*'1 AYAR'!$D$10,'1 AYAR'!$E$10),IF('1 AYAR'!$C$10="Evet/Hayır",IF(OR(Q11="Var",Q11="Yapıldı",Q11="Evet"),'1 AYAR'!$E$10,0),IF(LEN(Q11)>3,'1 AYAR'!$E$10,0)))) -> 10 | S11: 1 | T11: =IF($D11<>"Evet","",IF('1 AYAR'!$C$11="Sayı",MIN(S11*'1 AYAR'!$D$11,'1 AYAR'!$E$11),IF('1 AYAR'!$C$11="Evet/Hayır",IF(OR(S11="Var",S11="Yapıldı",S11="Evet"),'1 AYAR'!$E$11,0),IF(LEN(S11)>3,'1 AYAR'!$E$11,0)))) -> 1 | U11: 1 | V11: =IF($D11<>"Evet","",IF('1 AYAR'!$C$12="Sayı",MIN(U11*'1 AYAR'!$D$12,'1 AYAR'!$E$12),IF('1 AYAR'!$C$12="Evet/Hayır",IF(OR(U11="Var",U11="Yapıldı",U11="Evet"),'1 AYAR'!$E$12,0),IF(LEN(U11)>3,'1 AYAR'!$E$12,0)))) -> 1 | W11: 0 | X11: =IF($D11<>"Evet","",IF('1 AYAR'!$C$13="Sayı",MIN(W11*'1 AYAR'!$D$13,'1 AYAR'!$E$13),IF('1 AYAR'!$C$13="Evet/Hayır",IF(OR(W11="Var",W11="Yapıldı",W11="Evet"),'1 AYAR'!$E$13,0),IF(LEN(W11)>3,'1 AYAR'!$E$13,0)))) -> 0 | Y11: 0 | Z11: =IF($D11<>"Evet","",IF('1 AYAR'!$C$14="Sayı",MIN(Y11*'1 AYAR'!$D$14,'1 AYAR'!$E$14),IF('1 AYAR'!$C$14="Evet/Hayır",IF(OR(Y11="Var",Y11="Yapıldı",Y11="Evet"),'1 AYAR'!$E$14,0),IF(LEN(Y11)>3,'1 AYAR'!$E$14,0)))) -> 0 | AA11: Bir okulda Sahabe Hayatları Dersleri; Ramazan'da okulda iftar | AB11: =IF($D11<>"Evet","",IF('1 AYAR'!$C$15="Sayı",MIN(AA11*'1 AYAR'!$D$15,'1 AYAR'!$E$15),IF('1 AYAR'!$C$15="Evet/Hayır",IF(OR(AA11="Var",AA11="Yapıldı",AA11="Evet"),'1 AYAR'!$E$15,0),IF(LEN(AA11)>3,'1 AYAR'!$E$15,0)))) -> 5 | AC11: =IF($D11<>"Evet","",F11+H11+J11+L11+N11+P11+R11+T11+V11+X11+Z11+AB11) -> 39 | AD11: =IF($D11<>"Evet","",IF(AC11>='1 AYAR'!$C$27,"A",IF(AC11>='1 AYAR'!$C$28,"B",IF(AC11>='1 AYAR'!$C$29,"C","D")))) -> C | AE11: =IF($D11<>"Evet","",AC11+ROW()/10000) -> 39.0011
A12: =IF($D12<>"Evet","",RANK(AC12,$AC$6:$AC$44,0)) | B12: B1 HALİÇ HATTI | C12: Beyoğlu | D12: Hayır | F12: =IF($D12<>"Evet","",IF('1 AYAR'!$C$4="Sayı",MIN(E12*'1 AYAR'!$D$4,'1 AYAR'!$E$4),IF('1 AYAR'!$C$4="Evet/Hayır",IF(OR(E12="Var",E12="Yapıldı",E12="Evet"),'1 AYAR'!$E$4,0),IF(LEN(E12)>3,'1 AYAR'!$E$4,0)))) | H12: =IF($D12<>"Evet","",IF('1 AYAR'!$C$5="Sayı",MIN(G12*'1 AYAR'!$D$5,'1 AYAR'!$E$5),IF('1 AYAR'!$C$5="Evet/Hayır",IF(OR(G12="Var",G12="Yapıldı",G12="Evet"),'1 AYAR'!$E$5,0),IF(LEN(G12)>3,'1 AYAR'!$E$5,0)))) | J12: =IF($D12<>"Evet","",IF('1 AYAR'!$C$6="Sayı",MIN(I12*'1 AYAR'!$D$6,'1 AYAR'!$E$6),IF('1 AYAR'!$C$6="Evet/Hayır",IF(OR(I12="Var",I12="Yapıldı",I12="Evet"),'1 AYAR'!$E$6,0),IF(LEN(I12)>3,'1 AYAR'!$E$6,0)))) | L12: =IF($D12<>"Evet","",IF('1 AYAR'!$C$7="Sayı",MIN(K12*'1 AYAR'!$D$7,'1 AYAR'!$E$7),IF('1 AYAR'!$C$7="Evet/Hayır",IF(OR(K12="Var",K12="Yapıldı",K12="Evet"),'1 AYAR'!$E$7,0),IF(LEN(K12)>3,'1 AYAR'!$E$7,0)))) | N12: =IF($D12<>"Evet","",IF('1 AYAR'!$C$8="Sayı",MIN(M12*'1 AYAR'!$D$8,'1 AYAR'!$E$8),IF('1 AYAR'!$C$8="Evet/Hayır",IF(OR(M12="Var",M12="Yapıldı",M12="Evet"),'1 AYAR'!$E$8,0),IF(LEN(M12)>3,'1 AYAR'!$E$8,0)))) | P12: =IF($D12<>"Evet","",IF('1 AYAR'!$C$9="Sayı",MIN(O12*'1 AYAR'!$D$9,'1 AYAR'!$E$9),IF('1 AYAR'!$C$9="Evet/Hayır",IF(OR(O12="Var",O12="Yapıldı",O12="Evet"),'1 AYAR'!$E$9,0),IF(LEN(O12)>3,'1 AYAR'!$E$9,0)))) | R12: =IF($D12<>"Evet","",IF('1 AYAR'!$C$10="Sayı",MIN(Q12*'1 AYAR'!$D$10,'1 AYAR'!$E$10),IF('1 AYAR'!$C$10="Evet/Hayır",IF(OR(Q12="Var",Q12="Yapıldı",Q12="Evet"),'1 AYAR'!$E$10,0),IF(LEN(Q12)>3,'1 AYAR'!$E$10,0)))) | T12: =IF($D12<>"Evet","",IF('1 AYAR'!$C$11="Sayı",MIN(S12*'1 AYAR'!$D$11,'1 AYAR'!$E$11),IF('1 AYAR'!$C$11="Evet/Hayır",IF(OR(S12="Var",S12="Yapıldı",S12="Evet"),'1 AYAR'!$E$11,0),IF(LEN(S12)>3,'1 AYAR'!$E$11,0)))) | V12: =IF($D12<>"Evet","",IF('1 AYAR'!$C$12="Sayı",MIN(U12*'1 AYAR'!$D$12,'1 AYAR'!$E$12),IF('1 AYAR'!$C$12="Evet/Hayır",IF(OR(U12="Var",U12="Yapıldı",U12="Evet"),'1 AYAR'!$E$12,0),IF(LEN(U12)>3,'1 AYAR'!$E$12,0)))) | X12: =IF($D12<>"Evet","",IF('1 AYAR'!$C$13="Sayı",MIN(W12*'1 AYAR'!$D$13,'1 AYAR'!$E$13),IF('1 AYAR'!$C$13="Evet/Hayır",IF(OR(W12="Var",W12="Yapıldı",W12="Evet"),'1 AYAR'!$E$13,0),IF(LEN(W12)>3,'1 AYAR'!$E$13,0)))) | Z12: =IF($D12<>"Evet","",IF('1 AYAR'!$C$14="Sayı",MIN(Y12*'1 AYAR'!$D$14,'1 AYAR'!$E$14),IF('1 AYAR'!$C$14="Evet/Hayır",IF(OR(Y12="Var",Y12="Yapıldı",Y12="Evet"),'1 AYAR'!$E$14,0),IF(LEN(Y12)>3,'1 AYAR'!$E$14,0)))) | AB12: =IF($D12<>"Evet","",IF('1 AYAR'!$C$15="Sayı",MIN(AA12*'1 AYAR'!$D$15,'1 AYAR'!$E$15),IF('1 AYAR'!$C$15="Evet/Hayır",IF(OR(AA12="Var",AA12="Yapıldı",AA12="Evet"),'1 AYAR'!$E$15,0),IF(LEN(AA12)>3,'1 AYAR'!$E$15,0)))) | AC12: =IF($D12<>"Evet","",F12+H12+J12+L12+N12+P12+R12+T12+V12+X12+Z12+AB12) | AD12: =IF($D12<>"Evet","",IF(AC12>='1 AYAR'!$C$27,"A",IF(AC12>='1 AYAR'!$C$28,"B",IF(AC12>='1 AYAR'!$C$29,"C","D")))) | AE12: =IF($D12<>"Evet","",AC12+ROW()/10000)
A13: =IF($D13<>"Evet","",RANK(AC13,$AC$6:$AC$44,0)) | B13: B1 HALİÇ HATTI | C13: Şişli | D13: Hayır | F13: =IF($D13<>"Evet","",IF('1 AYAR'!$C$4="Sayı",MIN(E13*'1 AYAR'!$D$4,'1 AYAR'!$E$4),IF('1 AYAR'!$C$4="Evet/Hayır",IF(OR(E13="Var",E13="Yapıldı",E13="Evet"),'1 AYAR'!$E$4,0),IF(LEN(E13)>3,'1 AYAR'!$E$4,0)))) | H13: =IF($D13<>"Evet","",IF('1 AYAR'!$C$5="Sayı",MIN(G13*'1 AYAR'!$D$5,'1 AYAR'!$E$5),IF('1 AYAR'!$C$5="Evet/Hayır",IF(OR(G13="Var",G13="Yapıldı",G13="Evet"),'1 AYAR'!$E$5,0),IF(LEN(G13)>3,'1 AYAR'!$E$5,0)))) | J13: =IF($D13<>"Evet","",IF('1 AYAR'!$C$6="Sayı",MIN(I13*'1 AYAR'!$D$6,'1 AYAR'!$E$6),IF('1 AYAR'!$C$6="Evet/Hayır",IF(OR(I13="Var",I13="Yapıldı",I13="Evet"),'1 AYAR'!$E$6,0),IF(LEN(I13)>3,'1 AYAR'!$E$6,0)))) | L13: =IF($D13<>"Evet","",IF('1 AYAR'!$C$7="Sayı",MIN(K13*'1 AYAR'!$D$7,'1 AYAR'!$E$7),IF('1 AYAR'!$C$7="Evet/Hayır",IF(OR(K13="Var",K13="Yapıldı",K13="Evet"),'1 AYAR'!$E$7,0),IF(LEN(K13)>3,'1 AYAR'!$E$7,0)))) | N13: =IF($D13<>"Evet","",IF('1 AYAR'!$C$8="Sayı",MIN(M13*'1 AYAR'!$D$8,'1 AYAR'!$E$8),IF('1 AYAR'!$C$8="Evet/Hayır",IF(OR(M13="Var",M13="Yapıldı",M13="Evet"),'1 AYAR'!$E$8,0),IF(LEN(M13)>3,'1 AYAR'!$E$8,0)))) | P13: =IF($D13<>"Evet","",IF('1 AYAR'!$C$9="Sayı",MIN(O13*'1 AYAR'!$D$9,'1 AYAR'!$E$9),IF('1 AYAR'!$C$9="Evet/Hayır",IF(OR(O13="Var",O13="Yapıldı",O13="Evet"),'1 AYAR'!$E$9,0),IF(LEN(O13)>3,'1 AYAR'!$E$9,0)))) | R13: =IF($D13<>"Evet","",IF('1 AYAR'!$C$10="Sayı",MIN(Q13*'1 AYAR'!$D$10,'1 AYAR'!$E$10),IF('1 AYAR'!$C$10="Evet/Hayır",IF(OR(Q13="Var",Q13="Yapıldı",Q13="Evet"),'1 AYAR'!$E$10,0),IF(LEN(Q13)>3,'1 AYAR'!$E$10,0)))) | T13: =IF($D13<>"Evet","",IF('1 AYAR'!$C$11="Sayı",MIN(S13*'1 AYAR'!$D$11,'1 AYAR'!$E$11),IF('1 AYAR'!$C$11="Evet/Hayır",IF(OR(S13="Var",S13="Yapıldı",S13="Evet"),'1 AYAR'!$E$11,0),IF(LEN(S13)>3,'1 AYAR'!$E$11,0)))) | V13: =IF($D13<>"Evet","",IF('1 AYAR'!$C$12="Sayı",MIN(U13*'1 AYAR'!$D$12,'1 AYAR'!$E$12),IF('1 AYAR'!$C$12="Evet/Hayır",IF(OR(U13="Var",U13="Yapıldı",U13="Evet"),'1 AYAR'!$E$12,0),IF(LEN(U13)>3,'1 AYAR'!$E$12,0)))) | X13: =IF($D13<>"Evet","",IF('1 AYAR'!$C$13="Sayı",MIN(W13*'1 AYAR'!$D$13,'1 AYAR'!$E$13),IF('1 AYAR'!$C$13="Evet/Hayır",IF(OR(W13="Var",W13="Yapıldı",W13="Evet"),'1 AYAR'!$E$13,0),IF(LEN(W13)>3,'1 AYAR'!$E$13,0)))) | Z13: =IF($D13<>"Evet","",IF('1 AYAR'!$C$14="Sayı",MIN(Y13*'1 AYAR'!$D$14,'1 AYAR'!$E$14),IF('1 AYAR'!$C$14="Evet/Hayır",IF(OR(Y13="Var",Y13="Yapıldı",Y13="Evet"),'1 AYAR'!$E$14,0),IF(LEN(Y13)>3,'1 AYAR'!$E$14,0)))) | AB13: =IF($D13<>"Evet","",IF('1 AYAR'!$C$15="Sayı",MIN(AA13*'1 AYAR'!$D$15,'1 AYAR'!$E$15),IF('1 AYAR'!$C$15="Evet/Hayır",IF(OR(AA13="Var",AA13="Yapıldı",AA13="Evet"),'1 AYAR'!$E$15,0),IF(LEN(AA13)>3,'1 AYAR'!$E$15,0)))) | AC13: =IF($D13<>"Evet","",F13+H13+J13+L13+N13+P13+R13+T13+V13+X13+Z13+AB13) | AD13: =IF($D13<>"Evet","",IF(AC13>='1 AYAR'!$C$27,"A",IF(AC13>='1 AYAR'!$C$28,"B",IF(AC13>='1 AYAR'!$C$29,"C","D")))) | AE13: =IF($D13<>"Evet","",AC13+ROW()/10000)
A14: =IF($D14<>"Evet","",RANK(AC14,$AC$6:$AC$44,0)) | B14: B1 HALİÇ HATTI | C14: Sarıyer | D14: Hayır | F14: =IF($D14<>"Evet","",IF('1 AYAR'!$C$4="Sayı",MIN(E14*'1 AYAR'!$D$4,'1 AYAR'!$E$4),IF('1 AYAR'!$C$4="Evet/Hayır",IF(OR(E14="Var",E14="Yapıldı",E14="Evet"),'1 AYAR'!$E$4,0),IF(LEN(E14)>3,'1 AYAR'!$E$4,0)))) | H14: =IF($D14<>"Evet","",IF('1 AYAR'!$C$5="Sayı",MIN(G14*'1 AYAR'!$D$5,'1 AYAR'!$E$5),IF('1 AYAR'!$C$5="Evet/Hayır",IF(OR(G14="Var",G14="Yapıldı",G14="Evet"),'1 AYAR'!$E$5,0),IF(LEN(G14)>3,'1 AYAR'!$E$5,0)))) | J14: =IF($D14<>"Evet","",IF('1 AYAR'!$C$6="Sayı",MIN(I14*'1 AYAR'!$D$6,'1 AYAR'!$E$6),IF('1 AYAR'!$C$6="Evet/Hayır",IF(OR(I14="Var",I14="Yapıldı",I14="Evet"),'1 AYAR'!$E$6,0),IF(LEN(I14)>3,'1 AYAR'!$E$6,0)))) | L14: =IF($D14<>"Evet","",IF('1 AYAR'!$C$7="Sayı",MIN(K14*'1 AYAR'!$D$7,'1 AYAR'!$E$7),IF('1 AYAR'!$C$7="Evet/Hayır",IF(OR(K14="Var",K14="Yapıldı",K14="Evet"),'1 AYAR'!$E$7,0),IF(LEN(K14)>3,'1 AYAR'!$E$7,0)))) | N14: =IF($D14<>"Evet","",IF('1 AYAR'!$C$8="Sayı",MIN(M14*'1 AYAR'!$D$8,'1 AYAR'!$E$8),IF('1 AYAR'!$C$8="Evet/Hayır",IF(OR(M14="Var",M14="Yapıldı",M14="Evet"),'1 AYAR'!$E$8,0),IF(LEN(M14)>3,'1 AYAR'!$E$8,0)))) | P14: =IF($D14<>"Evet","",IF('1 AYAR'!$C$9="Sayı",MIN(O14*'1 AYAR'!$D$9,'1 AYAR'!$E$9),IF('1 AYAR'!$C$9="Evet/Hayır",IF(OR(O14="Var",O14="Yapıldı",O14="Evet"),'1 AYAR'!$E$9,0),IF(LEN(O14)>3,'1 AYAR'!$E$9,0)))) | R14: =IF($D14<>"Evet","",IF('1 AYAR'!$C$10="Sayı",MIN(Q14*'1 AYAR'!$D$10,'1 AYAR'!$E$10),IF('1 AYAR'!$C$10="Evet/Hayır",IF(OR(Q14="Var",Q14="Yapıldı",Q14="Evet"),'1 AYAR'!$E$10,0),IF(LEN(Q14)>3,'1 AYAR'!$E$10,0)))) | T14: =IF($D14<>"Evet","",IF('1 AYAR'!$C$11="Sayı",MIN(S14*'1 AYAR'!$D$11,'1 AYAR'!$E$11),IF('1 AYAR'!$C$11="Evet/Hayır",IF(OR(S14="Var",S14="Yapıldı",S14="Evet"),'1 AYAR'!$E$11,0),IF(LEN(S14)>3,'1 AYAR'!$E$11,0)))) | V14: =IF($D14<>"Evet","",IF('1 AYAR'!$C$12="Sayı",MIN(U14*'1 AYAR'!$D$12,'1 AYAR'!$E$12),IF('1 AYAR'!$C$12="Evet/Hayır",IF(OR(U14="Var",U14="Yapıldı",U14="Evet"),'1 AYAR'!$E$12,0),IF(LEN(U14)>3,'1 AYAR'!$E$12,0)))) | X14: =IF($D14<>"Evet","",IF('1 AYAR'!$C$13="Sayı",MIN(W14*'1 AYAR'!$D$13,'1 AYAR'!$E$13),IF('1 AYAR'!$C$13="Evet/Hayır",IF(OR(W14="Var",W14="Yapıldı",W14="Evet"),'1 AYAR'!$E$13,0),IF(LEN(W14)>3,'1 AYAR'!$E$13,0)))) | Z14: =IF($D14<>"Evet","",IF('1 AYAR'!$C$14="Sayı",MIN(Y14*'1 AYAR'!$D$14,'1 AYAR'!$E$14),IF('1 AYAR'!$C$14="Evet/Hayır",IF(OR(Y14="Var",Y14="Yapıldı",Y14="Evet"),'1 AYAR'!$E$14,0),IF(LEN(Y14)>3,'1 AYAR'!$E$14,0)))) | AB14: =IF($D14<>"Evet","",IF('1 AYAR'!$C$15="Sayı",MIN(AA14*'1 AYAR'!$D$15,'1 AYAR'!$E$15),IF('1 AYAR'!$C$15="Evet/Hayır",IF(OR(AA14="Var",AA14="Yapıldı",AA14="Evet"),'1 AYAR'!$E$15,0),IF(LEN(AA14)>3,'1 AYAR'!$E$15,0)))) | AC14: =IF($D14<>"Evet","",F14+H14+J14+L14+N14+P14+R14+T14+V14+X14+Z14+AB14) | AD14: =IF($D14<>"Evet","",IF(AC14>='1 AYAR'!$C$27,"A",IF(AC14>='1 AYAR'!$C$28,"B",IF(AC14>='1 AYAR'!$C$29,"C","D")))) | AE14: =IF($D14<>"Evet","",AC14+ROW()/10000)
A15: =IF($D15<>"Evet","",RANK(AC15,$AC$6:$AC$44,0)) | B15: B1 HALİÇ HATTI | C15: Beşiktaş | D15: Hayır | F15: =IF($D15<>"Evet","",IF('1 AYAR'!$C$4="Sayı",MIN(E15*'1 AYAR'!$D$4,'1 AYAR'!$E$4),IF('1 AYAR'!$C$4="Evet/Hayır",IF(OR(E15="Var",E15="Yapıldı",E15="Evet"),'1 AYAR'!$E$4,0),IF(LEN(E15)>3,'1 AYAR'!$E$4,0)))) | H15: =IF($D15<>"Evet","",IF('1 AYAR'!$C$5="Sayı",MIN(G15*'1 AYAR'!$D$5,'1 AYAR'!$E$5),IF('1 AYAR'!$C$5="Evet/Hayır",IF(OR(G15="Var",G15="Yapıldı",G15="Evet"),'1 AYAR'!$E$5,0),IF(LEN(G15)>3,'1 AYAR'!$E$5,0)))) | J15: =IF($D15<>"Evet","",IF('1 AYAR'!$C$6="Sayı",MIN(I15*'1 AYAR'!$D$6,'1 AYAR'!$E$6),IF('1 AYAR'!$C$6="Evet/Hayır",IF(OR(I15="Var",I15="Yapıldı",I15="Evet"),'1 AYAR'!$E$6,0),IF(LEN(I15)>3,'1 AYAR'!$E$6,0)))) | L15: =IF($D15<>"Evet","",IF('1 AYAR'!$C$7="Sayı",MIN(K15*'1 AYAR'!$D$7,'1 AYAR'!$E$7),IF('1 AYAR'!$C$7="Evet/Hayır",IF(OR(K15="Var",K15="Yapıldı",K15="Evet"),'1 AYAR'!$E$7,0),IF(LEN(K15)>3,'1 AYAR'!$E$7,0)))) | N15: =IF($D15<>"Evet","",IF('1 AYAR'!$C$8="Sayı",MIN(M15*'1 AYAR'!$D$8,'1 AYAR'!$E$8),IF('1 AYAR'!$C$8="Evet/Hayır",IF(OR(M15="Var",M15="Yapıldı",M15="Evet"),'1 AYAR'!$E$8,0),IF(LEN(M15)>3,'1 AYAR'!$E$8,0)))) | P15: =IF($D15<>"Evet","",IF('1 AYAR'!$C$9="Sayı",MIN(O15*'1 AYAR'!$D$9,'1 AYAR'!$E$9),IF('1 AYAR'!$C$9="Evet/Hayır",IF(OR(O15="Var",O15="Yapıldı",O15="Evet"),'1 AYAR'!$E$9,0),IF(LEN(O15)>3,'1 AYAR'!$E$9,0)))) | R15: =IF($D15<>"Evet","",IF('1 AYAR'!$C$10="Sayı",MIN(Q15*'1 AYAR'!$D$10,'1 AYAR'!$E$10),IF('1 AYAR'!$C$10="Evet/Hayır",IF(OR(Q15="Var",Q15="Yapıldı",Q15="Evet"),'1 AYAR'!$E$10,0),IF(LEN(Q15)>3,'1 AYAR'!$E$10,0)))) | T15: =IF($D15<>"Evet","",IF('1 AYAR'!$C$11="Sayı",MIN(S15*'1 AYAR'!$D$11,'1 AYAR'!$E$11),IF('1 AYAR'!$C$11="Evet/Hayır",IF(OR(S15="Var",S15="Yapıldı",S15="Evet"),'1 AYAR'!$E$11,0),IF(LEN(S15)>3,'1 AYAR'!$E$11,0)))) | V15: =IF($D15<>"Evet","",IF('1 AYAR'!$C$12="Sayı",MIN(U15*'1 AYAR'!$D$12,'1 AYAR'!$E$12),IF('1 AYAR'!$C$12="Evet/Hayır",IF(OR(U15="Var",U15="Yapıldı",U15="Evet"),'1 AYAR'!$E$12,0),IF(LEN(U15)>3,'1 AYAR'!$E$12,0)))) | X15: =IF($D15<>"Evet","",IF('1 AYAR'!$C$13="Sayı",MIN(W15*'1 AYAR'!$D$13,'1 AYAR'!$E$13),IF('1 AYAR'!$C$13="Evet/Hayır",IF(OR(W15="Var",W15="Yapıldı",W15="Evet"),'1 AYAR'!$E$13,0),IF(LEN(W15)>3,'1 AYAR'!$E$13,0)))) | Z15: =IF($D15<>"Evet","",IF('1 AYAR'!$C$14="Sayı",MIN(Y15*'1 AYAR'!$D$14,'1 AYAR'!$E$14),IF('1 AYAR'!$C$14="Evet/Hayır",IF(OR(Y15="Var",Y15="Yapıldı",Y15="Evet"),'1 AYAR'!$E$14,0),IF(LEN(Y15)>3,'1 AYAR'!$E$14,0)))) | AB15: =IF($D15<>"Evet","",IF('1 AYAR'!$C$15="Sayı",MIN(AA15*'1 AYAR'!$D$15,'1 AYAR'!$E$15),IF('1 AYAR'!$C$15="Evet/Hayır",IF(OR(AA15="Var",AA15="Yapıldı",AA15="Evet"),'1 AYAR'!$E$15,0),IF(LEN(AA15)>3,'1 AYAR'!$E$15,0)))) | AC15: =IF($D15<>"Evet","",F15+H15+J15+L15+N15+P15+R15+T15+V15+X15+Z15+AB15) | AD15: =IF($D15<>"Evet","",IF(AC15>='1 AYAR'!$C$27,"A",IF(AC15>='1 AYAR'!$C$28,"B",IF(AC15>='1 AYAR'!$C$29,"C","D")))) | AE15: =IF($D15<>"Evet","",AC15+ROW()/10000)
A16: =IF($D16<>"Evet","",RANK(AC16,$AC$6:$AC$44,0)) -> 6 | B16: B2 TRAKYA HATTI | C16: Bağcılar | D16: Evet | E16: 8 | F16: =IF($D16<>"Evet","",IF('1 AYAR'!$C$4="Sayı",MIN(E16*'1 AYAR'!$D$4,'1 AYAR'!$E$4),IF('1 AYAR'!$C$4="Evet/Hayır",IF(OR(E16="Var",E16="Yapıldı",E16="Evet"),'1 AYAR'!$E$4,0),IF(LEN(E16)>3,'1 AYAR'!$E$4,0)))) -> 8 | G16: 4 | H16: =IF($D16<>"Evet","",IF('1 AYAR'!$C$5="Sayı",MIN(G16*'1 AYAR'!$D$5,'1 AYAR'!$E$5),IF('1 AYAR'!$C$5="Evet/Hayır",IF(OR(G16="Var",G16="Yapıldı",G16="Evet"),'1 AYAR'!$E$5,0),IF(LEN(G16)>3,'1 AYAR'!$E$5,0)))) -> 10 | I16: Var | J16: =IF($D16<>"Evet","",IF('1 AYAR'!$C$6="Sayı",MIN(I16*'1 AYAR'!$D$6,'1 AYAR'!$E$6),IF('1 AYAR'!$C$6="Evet/Hayır",IF(OR(I16="Var",I16="Yapıldı",I16="Evet"),'1 AYAR'!$E$6,0),IF(LEN(I16)>3,'1 AYAR'!$E$6,0)))) -> 5 | K16: 20 | L16: =IF($D16<>"Evet","",IF('1 AYAR'!$C$7="Sayı",MIN(K16*'1 AYAR'!$D$7,'1 AYAR'!$E$7),IF('1 AYAR'!$C$7="Evet/Hayır",IF(OR(K16="Var",K16="Yapıldı",K16="Evet"),'1 AYAR'!$E$7,0),IF(LEN(K16)>3,'1 AYAR'!$E$7,0)))) -> 10 | M16: 0 | N16: =IF($D16<>"Evet","",IF('1 AYAR'!$C$8="Sayı",MIN(M16*'1 AYAR'!$D$8,'1 AYAR'!$E$8),IF('1 AYAR'!$C$8="Evet/Hayır",IF(OR(M16="Var",M16="Yapıldı",M16="Evet"),'1 AYAR'!$E$8,0),IF(LEN(M16)>3,'1 AYAR'!$E$8,0)))) -> 0 | O16: Yapılmadı | P16: =IF($D16<>"Evet","",IF('1 AYAR'!$C$9="Sayı",MIN(O16*'1 AYAR'!$D$9,'1 AYAR'!$E$9),IF('1 AYAR'!$C$9="Evet/Hayır",IF(OR(O16="Var",O16="Yapıldı",O16="Evet"),'1 AYAR'!$E$9,0),IF(LEN(O16)>3,'1 AYAR'!$E$9,0)))) -> 0 | Q16: Yapılmadı | R16: =IF($D16<>"Evet","",IF('1 AYAR'!$C$10="Sayı",MIN(Q16*'1 AYAR'!$D$10,'1 AYAR'!$E$10),IF('1 AYAR'!$C$10="Evet/Hayır",IF(OR(Q16="Var",Q16="Yapıldı",Q16="Evet"),'1 AYAR'!$E$10,0),IF(LEN(Q16)>3,'1 AYAR'!$E$10,0)))) -> 0 | S16: 0 | T16: =IF($D16<>"Evet","",IF('1 AYAR'!$C$11="Sayı",MIN(S16*'1 AYAR'!$D$11,'1 AYAR'!$E$11),IF('1 AYAR'!$C$11="Evet/Hayır",IF(OR(S16="Var",S16="Yapıldı",S16="Evet"),'1 AYAR'!$E$11,0),IF(LEN(S16)>3,'1 AYAR'!$E$11,0)))) -> 0 | U16: 0 | V16: =IF($D16<>"Evet","",IF('1 AYAR'!$C$12="Sayı",MIN(U16*'1 AYAR'!$D$12,'1 AYAR'!$E$12),IF('1 AYAR'!$C$12="Evet/Hayır",IF(OR(U16="Var",U16="Yapıldı",U16="Evet"),'1 AYAR'!$E$12,0),IF(LEN(U16)>3,'1 AYAR'!$E$12,0)))) -> 0 | W16: 1 | X16: =IF($D16<>"Evet","",IF('1 AYAR'!$C$13="Sayı",MIN(W16*'1 AYAR'!$D$13,'1 AYAR'!$E$13),IF('1 AYAR'!$C$13="Evet/Hayır",IF(OR(W16="Var",W16="Yapıldı",W16="Evet"),'1 AYAR'!$E$13,0),IF(LEN(W16)>3,'1 AYAR'!$E$13,0)))) -> 1 | Y16: 2 | Z16: =IF($D16<>"Evet","",IF('1 AYAR'!$C$14="Sayı",MIN(Y16*'1 AYAR'!$D$14,'1 AYAR'!$E$14),IF('1 AYAR'!$C$14="Evet/Hayır",IF(OR(Y16="Var",Y16="Yapıldı",Y16="Evet"),'1 AYAR'!$E$14,0),IF(LEN(Y16)>3,'1 AYAR'!$E$14,0)))) -> 2 | AB16: =IF($D16<>"Evet","",IF('1 AYAR'!$C$15="Sayı",MIN(AA16*'1 AYAR'!$D$15,'1 AYAR'!$E$15),IF('1 AYAR'!$C$15="Evet/Hayır",IF(OR(AA16="Var",AA16="Yapıldı",AA16="Evet"),'1 AYAR'!$E$15,0),IF(LEN(AA16)>3,'1 AYAR'!$E$15,0)))) -> 0 | AC16: =IF($D16<>"Evet","",F16+H16+J16+L16+N16+P16+R16+T16+V16+X16+Z16+AB16) -> 36 | AD16: =IF($D16<>"Evet","",IF(AC16>='1 AYAR'!$C$27,"A",IF(AC16>='1 AYAR'!$C$28,"B",IF(AC16>='1 AYAR'!$C$29,"C","D")))) -> C | AE16: =IF($D16<>"Evet","",AC16+ROW()/10000) -> 36.0016
A17: =IF($D17<>"Evet","",RANK(AC17,$AC$6:$AC$44,0)) -> 1 | B17: B2 TRAKYA HATTI | C17: Bahçelievler | D17: Evet | E17: 20 | F17: =IF($D17<>"Evet","",IF('1 AYAR'!$C$4="Sayı",MIN(E17*'1 AYAR'!$D$4,'1 AYAR'!$E$4),IF('1 AYAR'!$C$4="Evet/Hayır",IF(OR(E17="Var",E17="Yapıldı",E17="Evet"),'1 AYAR'!$E$4,0),IF(LEN(E17)>3,'1 AYAR'!$E$4,0)))) -> 20 | G17: 4 | H17: =IF($D17<>"Evet","",IF('1 AYAR'!$C$5="Sayı",MIN(G17*'1 AYAR'!$D$5,'1 AYAR'!$E$5),IF('1 AYAR'!$C$5="Evet/Hayır",IF(OR(G17="Var",G17="Yapıldı",G17="Evet"),'1 AYAR'!$E$5,0),IF(LEN(G17)>3,'1 AYAR'!$E$5,0)))) -> 10 | I17: Yok | J17: =IF($D17<>"Evet","",IF('1 AYAR'!$C$6="Sayı",MIN(I17*'1 AYAR'!$D$6,'1 AYAR'!$E$6),IF('1 AYAR'!$C$6="Evet/Hayır",IF(OR(I17="Var",I17="Yapıldı",I17="Evet"),'1 AYAR'!$E$6,0),IF(LEN(I17)>3,'1 AYAR'!$E$6,0)))) -> 0 | K17: 20 | L17: =IF($D17<>"Evet","",IF('1 AYAR'!$C$7="Sayı",MIN(K17*'1 AYAR'!$D$7,'1 AYAR'!$E$7),IF('1 AYAR'!$C$7="Evet/Hayır",IF(OR(K17="Var",K17="Yapıldı",K17="Evet"),'1 AYAR'!$E$7,0),IF(LEN(K17)>3,'1 AYAR'!$E$7,0)))) -> 10 | M17: 10 | N17: =IF($D17<>"Evet","",IF('1 AYAR'!$C$8="Sayı",MIN(M17*'1 AYAR'!$D$8,'1 AYAR'!$E$8),IF('1 AYAR'!$C$8="Evet/Hayır",IF(OR(M17="Var",M17="Yapıldı",M17="Evet"),'1 AYAR'!$E$8,0),IF(LEN(M17)>3,'1 AYAR'!$E$8,0)))) -> 10 | O17: Yapılmadı | P17: =IF($D17<>"Evet","",IF('1 AYAR'!$C$9="Sayı",MIN(O17*'1 AYAR'!$D$9,'1 AYAR'!$E$9),IF('1 AYAR'!$C$9="Evet/Hayır",IF(OR(O17="Var",O17="Yapıldı",O17="Evet"),'1 AYAR'!$E$9,0),IF(LEN(O17)>3,'1 AYAR'!$E$9,0)))) -> 0 | Q17: Yapılmadı | R17: =IF($D17<>"Evet","",IF('1 AYAR'!$C$10="Sayı",MIN(Q17*'1 AYAR'!$D$10,'1 AYAR'!$E$10),IF('1 AYAR'!$C$10="Evet/Hayır",IF(OR(Q17="Var",Q17="Yapıldı",Q17="Evet"),'1 AYAR'!$E$10,0),IF(LEN(Q17)>3,'1 AYAR'!$E$10,0)))) -> 0 | S17: 2 | T17: =IF($D17<>"Evet","",IF('1 AYAR'!$C$11="Sayı",MIN(S17*'1 AYAR'!$D$11,'1 AYAR'!$E$11),IF('1 AYAR'!$C$11="Evet/Hayır",IF(OR(S17="Var",S17="Yapıldı",S17="Evet"),'1 AYAR'!$E$11,0),IF(LEN(S17)>3,'1 AYAR'!$E$11,0)))) -> 2 | U17: 2 | V17: =IF($D17<>"Evet","",IF('1 AYAR'!$C$12="Sayı",MIN(U17*'1 AYAR'!$D$12,'1 AYAR'!$E$12),IF('1 AYAR'!$C$12="Evet/Hayır",IF(OR(U17="Var",U17="Yapıldı",U17="Evet"),'1 AYAR'!$E$12,0),IF(LEN(U17)>3,'1 AYAR'!$E$12,0)))) -> 2 | W17: 0 | X17: =IF($D17<>"Evet","",IF('1 AYAR'!$C$13="Sayı",MIN(W17*'1 AYAR'!$D$13,'1 AYAR'!$E$13),IF('1 AYAR'!$C$13="Evet/Hayır",IF(OR(W17="Var",W17="Yapıldı",W17="Evet"),'1 AYAR'!$E$13,0),IF(LEN(W17)>3,'1 AYAR'!$E$13,0)))) -> 0 | Y17: 4 | Z17: =IF($D17<>"Evet","",IF('1 AYAR'!$C$14="Sayı",MIN(Y17*'1 AYAR'!$D$14,'1 AYAR'!$E$14),IF('1 AYAR'!$C$14="Evet/Hayır",IF(OR(Y17="Var",Y17="Yapıldı",Y17="Evet"),'1 AYAR'!$E$14,0),IF(LEN(Y17)>3,'1 AYAR'!$E$14,0)))) -> 4 | AA17: Ramazan faaliyetleri; öğrencilerle cami buluşması; 50 öğrenciye iftar | AB17: =IF($D17<>"Evet","",IF('1 AYAR'!$C$15="Sayı",MIN(AA17*'1 AYAR'!$D$15,'1 AYAR'!$E$15),IF('1 AYAR'!$C$15="Evet/Hayır",IF(OR(AA17="Var",AA17="Yapıldı",AA17="Evet"),'1 AYAR'!$E$15,0),IF(LEN(AA17)>3,'1 AYAR'!$E$15,0)))) -> 5 | AC17: =IF($D17<>"Evet","",F17+H17+J17+L17+N17+P17+R17+T17+V17+X17+Z17+AB17) -> 63 | AD17: =IF($D17<>"Evet","",IF(AC17>='1 AYAR'!$C$27,"A",IF(AC17>='1 AYAR'!$C$28,"B",IF(AC17>='1 AYAR'!$C$29,"C","D")))) -> B | AE17: =IF($D17<>"Evet","",AC17+ROW()/10000) -> 63.0017
A18: =IF($D18<>"Evet","",RANK(AC18,$AC$6:$AC$44,0)) -> 2 | B18: B2 TRAKYA HATTI | C18: Esenler | D18: Evet | E18: 10 | F18: =IF($D18<>"Evet","",IF('1 AYAR'!$C$4="Sayı",MIN(E18*'1 AYAR'!$D$4,'1 AYAR'!$E$4),IF('1 AYAR'!$C$4="Evet/Hayır",IF(OR(E18="Var",E18="Yapıldı",E18="Evet"),'1 AYAR'!$E$4,0),IF(LEN(E18)>3,'1 AYAR'!$E$4,0)))) -> 10 | G18: 3 | H18: =IF($D18<>"Evet","",IF('1 AYAR'!$C$5="Sayı",MIN(G18*'1 AYAR'!$D$5,'1 AYAR'!$E$5),IF('1 AYAR'!$C$5="Evet/Hayır",IF(OR(G18="Var",G18="Yapıldı",G18="Evet"),'1 AYAR'!$E$5,0),IF(LEN(G18)>3,'1 AYAR'!$E$5,0)))) -> 7.5 | I18: Var | J18: =IF($D18<>"Evet","",IF('1 AYAR'!$C$6="Sayı",MIN(I18*'1 AYAR'!$D$6,'1 AYAR'!$E$6),IF('1 AYAR'!$C$6="Evet/Hayır",IF(OR(I18="Var",I18="Yapıldı",I18="Evet"),'1 AYAR'!$E$6,0),IF(LEN(I18)>3,'1 AYAR'!$E$6,0)))) -> 5 | K18: 15 | L18: =IF($D18<>"Evet","",IF('1 AYAR'!$C$7="Sayı",MIN(K18*'1 AYAR'!$D$7,'1 AYAR'!$E$7),IF('1 AYAR'!$C$7="Evet/Hayır",IF(OR(K18="Var",K18="Yapıldı",K18="Evet"),'1 AYAR'!$E$7,0),IF(LEN(K18)>3,'1 AYAR'!$E$7,0)))) -> 7.5 | M18: 2 | N18: =IF($D18<>"Evet","",IF('1 AYAR'!$C$8="Sayı",MIN(M18*'1 AYAR'!$D$8,'1 AYAR'!$E$8),IF('1 AYAR'!$C$8="Evet/Hayır",IF(OR(M18="Var",M18="Yapıldı",M18="Evet"),'1 AYAR'!$E$8,0),IF(LEN(M18)>3,'1 AYAR'!$E$8,0)))) -> 2 | O18: Yapılmadı | P18: =IF($D18<>"Evet","",IF('1 AYAR'!$C$9="Sayı",MIN(O18*'1 AYAR'!$D$9,'1 AYAR'!$E$9),IF('1 AYAR'!$C$9="Evet/Hayır",IF(OR(O18="Var",O18="Yapıldı",O18="Evet"),'1 AYAR'!$E$9,0),IF(LEN(O18)>3,'1 AYAR'!$E$9,0)))) -> 0 | Q18: Yapıldı | R18: =IF($D18<>"Evet","",IF('1 AYAR'!$C$10="Sayı",MIN(Q18*'1 AYAR'!$D$10,'1 AYAR'!$E$10),IF('1 AYAR'!$C$10="Evet/Hayır",IF(OR(Q18="Var",Q18="Yapıldı",Q18="Evet"),'1 AYAR'!$E$10,0),IF(LEN(Q18)>3,'1 AYAR'!$E$10,0)))) -> 10 | S18: 0 | T18: =IF($D18<>"Evet","",IF('1 AYAR'!$C$11="Sayı",MIN(S18*'1 AYAR'!$D$11,'1 AYAR'!$E$11),IF('1 AYAR'!$C$11="Evet/Hayır",IF(OR(S18="Var",S18="Yapıldı",S18="Evet"),'1 AYAR'!$E$11,0),IF(LEN(S18)>3,'1 AYAR'!$E$11,0)))) -> 0 | U18: 1 | V18: =IF($D18<>"Evet","",IF('1 AYAR'!$C$12="Sayı",MIN(U18*'1 AYAR'!$D$12,'1 AYAR'!$E$12),IF('1 AYAR'!$C$12="Evet/Hayır",IF(OR(U18="Var",U18="Yapıldı",U18="Evet"),'1 AYAR'!$E$12,0),IF(LEN(U18)>3,'1 AYAR'!$E$12,0)))) -> 1 | W18: 5 | X18: =IF($D18<>"Evet","",IF('1 AYAR'!$C$13="Sayı",MIN(W18*'1 AYAR'!$D$13,'1 AYAR'!$E$13),IF('1 AYAR'!$C$13="Evet/Hayır",IF(OR(W18="Var",W18="Yapıldı",W18="Evet"),'1 AYAR'!$E$13,0),IF(LEN(W18)>3,'1 AYAR'!$E$13,0)))) -> 5 | Y18: 6 | Z18: =IF($D18<>"Evet","",IF('1 AYAR'!$C$14="Sayı",MIN(Y18*'1 AYAR'!$D$14,'1 AYAR'!$E$14),IF('1 AYAR'!$C$14="Evet/Hayır",IF(OR(Y18="Var",Y18="Yapıldı",Y18="Evet"),'1 AYAR'!$E$14,0),IF(LEN(Y18)>3,'1 AYAR'!$E$14,0)))) -> 5 | AA18: Lise Ramazan İftarı | AB18: =IF($D18<>"Evet","",IF('1 AYAR'!$C$15="Sayı",MIN(AA18*'1 AYAR'!$D$15,'1 AYAR'!$E$15),IF('1 AYAR'!$C$15="Evet/Hayır",IF(OR(AA18="Var",AA18="Yapıldı",AA18="Evet"),'1 AYAR'!$E$15,0),IF(LEN(AA18)>3,'1 AYAR'!$E$15,0)))) -> 5 | AC18: =IF($D18<>"Evet","",F18+H18+J18+L18+N18+P18+R18+T18+V18+X18+Z18+AB18) -> 58 | AD18: =IF($D18<>"Evet","",IF(AC18>='1 AYAR'!$C$27,"A",IF(AC18>='1 AYAR'!$C$28,"B",IF(AC18>='1 AYAR'!$C$29,"C","D")))) -> B | AE18: =IF($D18<>"Evet","",AC18+ROW()/10000) -> 58.0018
A19: =IF($D19<>"Evet","",RANK(AC19,$AC$6:$AC$44,0)) | B19: B2 TRAKYA HATTI | C19: Güngören | D19: Hayır | F19: =IF($D19<>"Evet","",IF('1 AYAR'!$C$4="Sayı",MIN(E19*'1 AYAR'!$D$4,'1 AYAR'!$E$4),IF('1 AYAR'!$C$4="Evet/Hayır",IF(OR(E19="Var",E19="Yapıldı",E19="Evet"),'1 AYAR'!$E$4,0),IF(LEN(E19)>3,'1 AYAR'!$E$4,0)))) | H19: =IF($D19<>"Evet","",IF('1 AYAR'!$C$5="Sayı",MIN(G19*'1 AYAR'!$D$5,'1 AYAR'!$E$5),IF('1 AYAR'!$C$5="Evet/Hayır",IF(OR(G19="Var",G19="Yapıldı",G19="Evet"),'1 AYAR'!$E$5,0),IF(LEN(G19)>3,'1 AYAR'!$E$5,0)))) | J19: =IF($D19<>"Evet","",IF('1 AYAR'!$C$6="Sayı",MIN(I19*'1 AYAR'!$D$6,'1 AYAR'!$E$6),IF('1 AYAR'!$C$6="Evet/Hayır",IF(OR(I19="Var",I19="Yapıldı",I19="Evet"),'1 AYAR'!$E$6,0),IF(LEN(I19)>3,'1 AYAR'!$E$6,0)))) | L19: =IF($D19<>"Evet","",IF('1 AYAR'!$C$7="Sayı",MIN(K19*'1 AYAR'!$D$7,'1 AYAR'!$E$7),IF('1 AYAR'!$C$7="Evet/Hayır",IF(OR(K19="Var",K19="Yapıldı",K19="Evet"),'1 AYAR'!$E$7,0),IF(LEN(K19)>3,'1 AYAR'!$E$7,0)))) | N19: =IF($D19<>"Evet","",IF('1 AYAR'!$C$8="Sayı",MIN(M19*'1 AYAR'!$D$8,'1 AYAR'!$E$8),IF('1 AYAR'!$C$8="Evet/Hayır",IF(OR(M19="Var",M19="Yapıldı",M19="Evet"),'1 AYAR'!$E$8,0),IF(LEN(M19)>3,'1 AYAR'!$E$8,0)))) | P19: =IF($D19<>"Evet","",IF('1 AYAR'!$C$9="Sayı",MIN(O19*'1 AYAR'!$D$9,'1 AYAR'!$E$9),IF('1 AYAR'!$C$9="Evet/Hayır",IF(OR(O19="Var",O19="Yapıldı",O19="Evet"),'1 AYAR'!$E$9,0),IF(LEN(O19)>3,'1 AYAR'!$E$9,0)))) | R19: =IF($D19<>"Evet","",IF('1 AYAR'!$C$10="Sayı",MIN(Q19*'1 AYAR'!$D$10,'1 AYAR'!$E$10),IF('1 AYAR'!$C$10="Evet/Hayır",IF(OR(Q19="Var",Q19="Yapıldı",Q19="Evet"),'1 AYAR'!$E$10,0),IF(LEN(Q19)>3,'1 AYAR'!$E$10,0)))) | T19: =IF($D19<>"Evet","",IF('1 AYAR'!$C$11="Sayı",MIN(S19*'1 AYAR'!$D$11,'1 AYAR'!$E$11),IF('1 AYAR'!$C$11="Evet/Hayır",IF(OR(S19="Var",S19="Yapıldı",S19="Evet"),'1 AYAR'!$E$11,0),IF(LEN(S19)>3,'1 AYAR'!$E$11,0)))) | V19: =IF($D19<>"Evet","",IF('1 AYAR'!$C$12="Sayı",MIN(U19*'1 AYAR'!$D$12,'1 AYAR'!$E$12),IF('1 AYAR'!$C$12="Evet/Hayır",IF(OR(U19="Var",U19="Yapıldı",U19="Evet"),'1 AYAR'!$E$12,0),IF(LEN(U19)>3,'1 AYAR'!$E$12,0)))) | X19: =IF($D19<>"Evet","",IF('1 AYAR'!$C$13="Sayı",MIN(W19*'1 AYAR'!$D$13,'1 AYAR'!$E$13),IF('1 AYAR'!$C$13="Evet/Hayır",IF(OR(W19="Var",W19="Yapıldı",W19="Evet"),'1 AYAR'!$E$13,0),IF(LEN(W19)>3,'1 AYAR'!$E$13,0)))) | Z19: =IF($D19<>"Evet","",IF('1 AYAR'!$C$14="Sayı",MIN(Y19*'1 AYAR'!$D$14,'1 AYAR'!$E$14),IF('1 AYAR'!$C$14="Evet/Hayır",IF(OR(Y19="Var",Y19="Yapıldı",Y19="Evet"),'1 AYAR'!$E$14,0),IF(LEN(Y19)>3,'1 AYAR'!$E$14,0)))) | AB19: =IF($D19<>"Evet","",IF('1 AYAR'!$C$15="Sayı",MIN(AA19*'1 AYAR'!$D$15,'1 AYAR'!$E$15),IF('1 AYAR'!$C$15="Evet/Hayır",IF(OR(AA19="Var",AA19="Yapıldı",AA19="Evet"),'1 AYAR'!$E$15,0),IF(LEN(AA19)>3,'1 AYAR'!$E$15,0)))) | AC19: =IF($D19<>"Evet","",F19+H19+J19+L19+N19+P19+R19+T19+V19+X19+Z19+AB19) | AD19: =IF($D19<>"Evet","",IF(AC19>='1 AYAR'!$C$27,"A",IF(AC19>='1 AYAR'!$C$28,"B",IF(AC19>='1 AYAR'!$C$29,"C","D")))) | AE19: =IF($D19<>"Evet","",AC19+ROW()/10000)
A20: =IF($D20<>"Evet","",RANK(AC20,$AC$6:$AC$44,0)) | B20: B2 TRAKYA HATTI | C20: Küçükçekmece | D20: Hayır | F20: =IF($D20<>"Evet","",IF('1 AYAR'!$C$4="Sayı",MIN(E20*'1 AYAR'!$D$4,'1 AYAR'!$E$4),IF('1 AYAR'!$C$4="Evet/Hayır",IF(OR(E20="Var",E20="Yapıldı",E20="Evet"),'1 AYAR'!$E$4,0),IF(LEN(E20)>3,'1 AYAR'!$E$4,0)))) | H20: =IF($D20<>"Evet","",IF('1 AYAR'!$C$5="Sayı",MIN(G20*'1 AYAR'!$D$5,'1 AYAR'!$E$5),IF('1 AYAR'!$C$5="Evet/Hayır",IF(OR(G20="Var",G20="Yapıldı",G20="Evet"),'1 AYAR'!$E$5,0),IF(LEN(G20)>3,'1 AYAR'!$E$5,0)))) | J20: =IF($D20<>"Evet","",IF('1 AYAR'!$C$6="Sayı",MIN(I20*'1 AYAR'!$D$6,'1 AYAR'!$E$6),IF('1 AYAR'!$C$6="Evet/Hayır",IF(OR(I20="Var",I20="Yapıldı",I20="Evet"),'1 AYAR'!$E$6,0),IF(LEN(I20)>3,'1 AYAR'!$E$6,0)))) | L20: =IF($D20<>"Evet","",IF('1 AYAR'!$C$7="Sayı",MIN(K20*'1 AYAR'!$D$7,'1 AYAR'!$E$7),IF('1 AYAR'!$C$7="Evet/Hayır",IF(OR(K20="Var",K20="Yapıldı",K20="Evet"),'1 AYAR'!$E$7,0),IF(LEN(K20)>3,'1 AYAR'!$E$7,0)))) | N20: =IF($D20<>"Evet","",IF('1 AYAR'!$C$8="Sayı",MIN(M20*'1 AYAR'!$D$8,'1 AYAR'!$E$8),IF('1 AYAR'!$C$8="Evet/Hayır",IF(OR(M20="Var",M20="Yapıldı",M20="Evet"),'1 AYAR'!$E$8,0),IF(LEN(M20)>3,'1 AYAR'!$E$8,0)))) | P20: =IF($D20<>"Evet","",IF('1 AYAR'!$C$9="Sayı",MIN(O20*'1 AYAR'!$D$9,'1 AYAR'!$E$9),IF('1 AYAR'!$C$9="Evet/Hayır",IF(OR(O20="Var",O20="Yapıldı",O20="Evet"),'1 AYAR'!$E$9,0),IF(LEN(O20)>3,'1 AYAR'!$E$9,0)))) | R20: =IF($D20<>"Evet","",IF('1 AYAR'!$C$10="Sayı",MIN(Q20*'1 AYAR'!$D$10,'1 AYAR'!$E$10),IF('1 AYAR'!$C$10="Evet/Hayır",IF(OR(Q20="Var",Q20="Yapıldı",Q20="Evet"),'1 AYAR'!$E$10,0),IF(LEN(Q20)>3,'1 AYAR'!$E$10,0)))) | T20: =IF($D20<>"Evet","",IF('1 AYAR'!$C$11="Sayı",MIN(S20*'1 AYAR'!$D$11,'1 AYAR'!$E$11),IF('1 AYAR'!$C$11="Evet/Hayır",IF(OR(S20="Var",S20="Yapıldı",S20="Evet"),'1 AYAR'!$E$11,0),IF(LEN(S20)>3,'1 AYAR'!$E$11,0)))) | V20: =IF($D20<>"Evet","",IF('1 AYAR'!$C$12="Sayı",MIN(U20*'1 AYAR'!$D$12,'1 AYAR'!$E$12),IF('1 AYAR'!$C$12="Evet/Hayır",IF(OR(U20="Var",U20="Yapıldı",U20="Evet"),'1 AYAR'!$E$12,0),IF(LEN(U20)>3,'1 AYAR'!$E$12,0)))) | X20: =IF($D20<>"Evet","",IF('1 AYAR'!$C$13="Sayı",MIN(W20*'1 AYAR'!$D$13,'1 AYAR'!$E$13),IF('1 AYAR'!$C$13="Evet/Hayır",IF(OR(W20="Var",W20="Yapıldı",W20="Evet"),'1 AYAR'!$E$13,0),IF(LEN(W20)>3,'1 AYAR'!$E$13,0)))) | Z20: =IF($D20<>"Evet","",IF('1 AYAR'!$C$14="Sayı",MIN(Y20*'1 AYAR'!$D$14,'1 AYAR'!$E$14),IF('1 AYAR'!$C$14="Evet/Hayır",IF(OR(Y20="Var",Y20="Yapıldı",Y20="Evet"),'1 AYAR'!$E$14,0),IF(LEN(Y20)>3,'1 AYAR'!$E$14,0)))) | AB20: =IF($D20<>"Evet","",IF('1 AYAR'!$C$15="Sayı",MIN(AA20*'1 AYAR'!$D$15,'1 AYAR'!$E$15),IF('1 AYAR'!$C$15="Evet/Hayır",IF(OR(AA20="Var",AA20="Yapıldı",AA20="Evet"),'1 AYAR'!$E$15,0),IF(LEN(AA20)>3,'1 AYAR'!$E$15,0)))) | AC20: =IF($D20<>"Evet","",F20+H20+J20+L20+N20+P20+R20+T20+V20+X20+Z20+AB20) | AD20: =IF($D20<>"Evet","",IF(AC20>='1 AYAR'!$C$27,"A",IF(AC20>='1 AYAR'!$C$28,"B",IF(AC20>='1 AYAR'!$C$29,"C","D")))) | AE20: =IF($D20<>"Evet","",AC20+ROW()/10000)
A21: =IF($D21<>"Evet","",RANK(AC21,$AC$6:$AC$44,0)) | B21: B2 TRAKYA HATTI | C21: Başakşehir | D21: Hayır | F21: =IF($D21<>"Evet","",IF('1 AYAR'!$C$4="Sayı",MIN(E21*'1 AYAR'!$D$4,'1 AYAR'!$E$4),IF('1 AYAR'!$C$4="Evet/Hayır",IF(OR(E21="Var",E21="Yapıldı",E21="Evet"),'1 AYAR'!$E$4,0),IF(LEN(E21)>3,'1 AYAR'!$E$4,0)))) | H21: =IF($D21<>"Evet","",IF('1 AYAR'!$C$5="Sayı",MIN(G21*'1 AYAR'!$D$5,'1 AYAR'!$E$5),IF('1 AYAR'!$C$5="Evet/Hayır",IF(OR(G21="Var",G21="Yapıldı",G21="Evet"),'1 AYAR'!$E$5,0),IF(LEN(G21)>3,'1 AYAR'!$E$5,0)))) | J21: =IF($D21<>"Evet","",IF('1 AYAR'!$C$6="Sayı",MIN(I21*'1 AYAR'!$D$6,'1 AYAR'!$E$6),IF('1 AYAR'!$C$6="Evet/Hayır",IF(OR(I21="Var",I21="Yapıldı",I21="Evet"),'1 AYAR'!$E$6,0),IF(LEN(I21)>3,'1 AYAR'!$E$6,0)))) | L21: =IF($D21<>"Evet","",IF('1 AYAR'!$C$7="Sayı",MIN(K21*'1 AYAR'!$D$7,'1 AYAR'!$E$7),IF('1 AYAR'!$C$7="Evet/Hayır",IF(OR(K21="Var",K21="Yapıldı",K21="Evet"),'1 AYAR'!$E$7,0),IF(LEN(K21)>3,'1 AYAR'!$E$7,0)))) | N21: =IF($D21<>"Evet","",IF('1 AYAR'!$C$8="Sayı",MIN(M21*'1 AYAR'!$D$8,'1 AYAR'!$E$8),IF('1 AYAR'!$C$8="Evet/Hayır",IF(OR(M21="Var",M21="Yapıldı",M21="Evet"),'1 AYAR'!$E$8,0),IF(LEN(M21)>3,'1 AYAR'!$E$8,0)))) | P21: =IF($D21<>"Evet","",IF('1 AYAR'!$C$9="Sayı",MIN(O21*'1 AYAR'!$D$9,'1 AYAR'!$E$9),IF('1 AYAR'!$C$9="Evet/Hayır",IF(OR(O21="Var",O21="Yapıldı",O21="Evet"),'1 AYAR'!$E$9,0),IF(LEN(O21)>3,'1 AYAR'!$E$9,0)))) | R21: =IF($D21<>"Evet","",IF('1 AYAR'!$C$10="Sayı",MIN(Q21*'1 AYAR'!$D$10,'1 AYAR'!$E$10),IF('1 AYAR'!$C$10="Evet/Hayır",IF(OR(Q21="Var",Q21="Yapıldı",Q21="Evet"),'1 AYAR'!$E$10,0),IF(LEN(Q21)>3,'1 AYAR'!$E$10,0)))) | T21: =IF($D21<>"Evet","",IF('1 AYAR'!$C$11="Sayı",MIN(S21*'1 AYAR'!$D$11,'1 AYAR'!$E$11),IF('1 AYAR'!$C$11="Evet/Hayır",IF(OR(S21="Var",S21="Yapıldı",S21="Evet"),'1 AYAR'!$E$11,0),IF(LEN(S21)>3,'1 AYAR'!$E$11,0)))) | V21: =IF($D21<>"Evet","",IF('1 AYAR'!$C$12="Sayı",MIN(U21*'1 AYAR'!$D$12,'1 AYAR'!$E$12),IF('1 AYAR'!$C$12="Evet/Hayır",IF(OR(U21="Var",U21="Yapıldı",U21="Evet"),'1 AYAR'!$E$12,0),IF(LEN(U21)>3,'1 AYAR'!$E$12,0)))) | X21: =IF($D21<>"Evet","",IF('1 AYAR'!$C$13="Sayı",MIN(W21*'1 AYAR'!$D$13,'1 AYAR'!$E$13),IF('1 AYAR'!$C$13="Evet/Hayır",IF(OR(W21="Var",W21="Yapıldı",W21="Evet"),'1 AYAR'!$E$13,0),IF(LEN(W21)>3,'1 AYAR'!$E$13,0)))) | Z21: =IF($D21<>"Evet","",IF('1 AYAR'!$C$14="Sayı",MIN(Y21*'1 AYAR'!$D$14,'1 AYAR'!$E$14),IF('1 AYAR'!$C$14="Evet/Hayır",IF(OR(Y21="Var",Y21="Yapıldı",Y21="Evet"),'1 AYAR'!$E$14,0),IF(LEN(Y21)>3,'1 AYAR'!$E$14,0)))) | AB21: =IF($D21<>"Evet","",IF('1 AYAR'!$C$15="Sayı",MIN(AA21*'1 AYAR'!$D$15,'1 AYAR'!$E$15),IF('1 AYAR'!$C$15="Evet/Hayır",IF(OR(AA21="Var",AA21="Yapıldı",AA21="Evet"),'1 AYAR'!$E$15,0),IF(LEN(AA21)>3,'1 AYAR'!$E$15,0)))) | AC21: =IF($D21<>"Evet","",F21+H21+J21+L21+N21+P21+R21+T21+V21+X21+Z21+AB21) | AD21: =IF($D21<>"Evet","",IF(AC21>='1 AYAR'!$C$27,"A",IF(AC21>='1 AYAR'!$C$28,"B",IF(AC21>='1 AYAR'!$C$29,"C","D")))) | AE21: =IF($D21<>"Evet","",AC21+ROW()/10000)
A22: =IF($D22<>"Evet","",RANK(AC22,$AC$6:$AC$44,0)) | B22: B2 TRAKYA HATTI | C22: Esenyurt | D22: Hayır | F22: =IF($D22<>"Evet","",IF('1 AYAR'!$C$4="Sayı",MIN(E22*'1 AYAR'!$D$4,'1 AYAR'!$E$4),IF('1 AYAR'!$C$4="Evet/Hayır",IF(OR(E22="Var",E22="Yapıldı",E22="Evet"),'1 AYAR'!$E$4,0),IF(LEN(E22)>3,'1 AYAR'!$E$4,0)))) | H22: =IF($D22<>"Evet","",IF('1 AYAR'!$C$5="Sayı",MIN(G22*'1 AYAR'!$D$5,'1 AYAR'!$E$5),IF('1 AYAR'!$C$5="Evet/Hayır",IF(OR(G22="Var",G22="Yapıldı",G22="Evet"),'1 AYAR'!$E$5,0),IF(LEN(G22)>3,'1 AYAR'!$E$5,0)))) | J22: =IF($D22<>"Evet","",IF('1 AYAR'!$C$6="Sayı",MIN(I22*'1 AYAR'!$D$6,'1 AYAR'!$E$6),IF('1 AYAR'!$C$6="Evet/Hayır",IF(OR(I22="Var",I22="Yapıldı",I22="Evet"),'1 AYAR'!$E$6,0),IF(LEN(I22)>3,'1 AYAR'!$E$6,0)))) | L22: =IF($D22<>"Evet","",IF('1 AYAR'!$C$7="Sayı",MIN(K22*'1 AYAR'!$D$7,'1 AYAR'!$E$7),IF('1 AYAR'!$C$7="Evet/Hayır",IF(OR(K22="Var",K22="Yapıldı",K22="Evet"),'1 AYAR'!$E$7,0),IF(LEN(K22)>3,'1 AYAR'!$E$7,0)))) | N22: =IF($D22<>"Evet","",IF('1 AYAR'!$C$8="Sayı",MIN(M22*'1 AYAR'!$D$8,'1 AYAR'!$E$8),IF('1 AYAR'!$C$8="Evet/Hayır",IF(OR(M22="Var",M22="Yapıldı",M22="Evet"),'1 AYAR'!$E$8,0),IF(LEN(M22)>3,'1 AYAR'!$E$8,0)))) | P22: =IF($D22<>"Evet","",IF('1 AYAR'!$C$9="Sayı",MIN(O22*'1 AYAR'!$D$9,'1 AYAR'!$E$9),IF('1 AYAR'!$C$9="Evet/Hayır",IF(OR(O22="Var",O22="Yapıldı",O22="Evet"),'1 AYAR'!$E$9,0),IF(LEN(O22)>3,'1 AYAR'!$E$9,0)))) | R22: =IF($D22<>"Evet","",IF('1 AYAR'!$C$10="Sayı",MIN(Q22*'1 AYAR'!$D$10,'1 AYAR'!$E$10),IF('1 AYAR'!$C$10="Evet/Hayır",IF(OR(Q22="Var",Q22="Yapıldı",Q22="Evet"),'1 AYAR'!$E$10,0),IF(LEN(Q22)>3,'1 AYAR'!$E$10,0)))) | T22: =IF($D22<>"Evet","",IF('1 AYAR'!$C$11="Sayı",MIN(S22*'1 AYAR'!$D$11,'1 AYAR'!$E$11),IF('1 AYAR'!$C$11="Evet/Hayır",IF(OR(S22="Var",S22="Yapıldı",S22="Evet"),'1 AYAR'!$E$11,0),IF(LEN(S22)>3,'1 AYAR'!$E$11,0)))) | V22: =IF($D22<>"Evet","",IF('1 AYAR'!$C$12="Sayı",MIN(U22*'1 AYAR'!$D$12,'1 AYAR'!$E$12),IF('1 AYAR'!$C$12="Evet/Hayır",IF(OR(U22="Var",U22="Yapıldı",U22="Evet"),'1 AYAR'!$E$12,0),IF(LEN(U22)>3,'1 AYAR'!$E$12,0)))) | X22: =IF($D22<>"Evet","",IF('1 AYAR'!$C$13="Sayı",MIN(W22*'1 AYAR'!$D$13,'1 AYAR'!$E$13),IF('1 AYAR'!$C$13="Evet/Hayır",IF(OR(W22="Var",W22="Yapıldı",W22="Evet"),'1 AYAR'!$E$13,0),IF(LEN(W22)>3,'1 AYAR'!$E$13,0)))) | Z22: =IF($D22<>"Evet","",IF('1 AYAR'!$C$14="Sayı",MIN(Y22*'1 AYAR'!$D$14,'1 AYAR'!$E$14),IF('1 AYAR'!$C$14="Evet/Hayır",IF(OR(Y22="Var",Y22="Yapıldı",Y22="Evet"),'1 AYAR'!$E$14,0),IF(LEN(Y22)>3,'1 AYAR'!$E$14,0)))) | AB22: =IF($D22<>"Evet","",IF('1 AYAR'!$C$15="Sayı",MIN(AA22*'1 AYAR'!$D$15,'1 AYAR'!$E$15),IF('1 AYAR'!$C$15="Evet/Hayır",IF(OR(AA22="Var",AA22="Yapıldı",AA22="Evet"),'1 AYAR'!$E$15,0),IF(LEN(AA22)>3,'1 AYAR'!$E$15,0)))) | AC22: =IF($D22<>"Evet","",F22+H22+J22+L22+N22+P22+R22+T22+V22+X22+Z22+AB22) | AD22: =IF($D22<>"Evet","",IF(AC22>='1 AYAR'!$C$27,"A",IF(AC22>='1 AYAR'!$C$28,"B",IF(AC22>='1 AYAR'!$C$29,"C","D")))) | AE22: =IF($D22<>"Evet","",AC22+ROW()/10000)
A23: =IF($D23<>"Evet","",RANK(AC23,$AC$6:$AC$44,0)) | B23: B2 TRAKYA HATTI | C23: Zeytinburnu | D23: Hayır | F23: =IF($D23<>"Evet","",IF('1 AYAR'!$C$4="Sayı",MIN(E23*'1 AYAR'!$D$4,'1 AYAR'!$E$4),IF('1 AYAR'!$C$4="Evet/Hayır",IF(OR(E23="Var",E23="Yapıldı",E23="Evet"),'1 AYAR'!$E$4,0),IF(LEN(E23)>3,'1 AYAR'!$E$4,0)))) | H23: =IF($D23<>"Evet","",IF('1 AYAR'!$C$5="Sayı",MIN(G23*'1 AYAR'!$D$5,'1 AYAR'!$E$5),IF('1 AYAR'!$C$5="Evet/Hayır",IF(OR(G23="Var",G23="Yapıldı",G23="Evet"),'1 AYAR'!$E$5,0),IF(LEN(G23)>3,'1 AYAR'!$E$5,0)))) | J23: =IF($D23<>"Evet","",IF('1 AYAR'!$C$6="Sayı",MIN(I23*'1 AYAR'!$D$6,'1 AYAR'!$E$6),IF('1 AYAR'!$C$6="Evet/Hayır",IF(OR(I23="Var",I23="Yapıldı",I23="Evet"),'1 AYAR'!$E$6,0),IF(LEN(I23)>3,'1 AYAR'!$E$6,0)))) | L23: =IF($D23<>"Evet","",IF('1 AYAR'!$C$7="Sayı",MIN(K23*'1 AYAR'!$D$7,'1 AYAR'!$E$7),IF('1 AYAR'!$C$7="Evet/Hayır",IF(OR(K23="Var",K23="Yapıldı",K23="Evet"),'1 AYAR'!$E$7,0),IF(LEN(K23)>3,'1 AYAR'!$E$7,0)))) | N23: =IF($D23<>"Evet","",IF('1 AYAR'!$C$8="Sayı",MIN(M23*'1 AYAR'!$D$8,'1 AYAR'!$E$8),IF('1 AYAR'!$C$8="Evet/Hayır",IF(OR(M23="Var",M23="Yapıldı",M23="Evet"),'1 AYAR'!$E$8,0),IF(LEN(M23)>3,'1 AYAR'!$E$8,0)))) | P23: =IF($D23<>"Evet","",IF('1 AYAR'!$C$9="Sayı",MIN(O23*'1 AYAR'!$D$9,'1 AYAR'!$E$9),IF('1 AYAR'!$C$9="Evet/Hayır",IF(OR(O23="Var",O23="Yapıldı",O23="Evet"),'1 AYAR'!$E$9,0),IF(LEN(O23)>3,'1 AYAR'!$E$9,0)))) | R23: =IF($D23<>"Evet","",IF('1 AYAR'!$C$10="Sayı",MIN(Q23*'1 AYAR'!$D$10,'1 AYAR'!$E$10),IF('1 AYAR'!$C$10="Evet/Hayır",IF(OR(Q23="Var",Q23="Yapıldı",Q23="Evet"),'1 AYAR'!$E$10,0),IF(LEN(Q23)>3,'1 AYAR'!$E$10,0)))) | T23: =IF($D23<>"Evet","",IF('1 AYAR'!$C$11="Sayı",MIN(S23*'1 AYAR'!$D$11,'1 AYAR'!$E$11),IF('1 AYAR'!$C$11="Evet/Hayır",IF(OR(S23="Var",S23="Yapıldı",S23="Evet"),'1 AYAR'!$E$11,0),IF(LEN(S23)>3,'1 AYAR'!$E$11,0)))) | V23: =IF($D23<>"Evet","",IF('1 AYAR'!$C$12="Sayı",MIN(U23*'1 AYAR'!$D$12,'1 AYAR'!$E$12),IF('1 AYAR'!$C$12="Evet/Hayır",IF(OR(U23="Var",U23="Yapıldı",U23="Evet"),'1 AYAR'!$E$12,0),IF(LEN(U23)>3,'1 AYAR'!$E$12,0)))) | X23: =IF($D23<>"Evet","",IF('1 AYAR'!$C$13="Sayı",MIN(W23*'1 AYAR'!$D$13,'1 AYAR'!$E$13),IF('1 AYAR'!$C$13="Evet/Hayır",IF(OR(W23="Var",W23="Yapıldı",W23="Evet"),'1 AYAR'!$E$13,0),IF(LEN(W23)>3,'1 AYAR'!$E$13,0)))) | Z23: =IF($D23<>"Evet","",IF('1 AYAR'!$C$14="Sayı",MIN(Y23*'1 AYAR'!$D$14,'1 AYAR'!$E$14),IF('1 AYAR'!$C$14="Evet/Hayır",IF(OR(Y23="Var",Y23="Yapıldı",Y23="Evet"),'1 AYAR'!$E$14,0),IF(LEN(Y23)>3,'1 AYAR'!$E$14,0)))) | AB23: =IF($D23<>"Evet","",IF('1 AYAR'!$C$15="Sayı",MIN(AA23*'1 AYAR'!$D$15,'1 AYAR'!$E$15),IF('1 AYAR'!$C$15="Evet/Hayır",IF(OR(AA23="Var",AA23="Yapıldı",AA23="Evet"),'1 AYAR'!$E$15,0),IF(LEN(AA23)>3,'1 AYAR'!$E$15,0)))) | AC23: =IF($D23<>"Evet","",F23+H23+J23+L23+N23+P23+R23+T23+V23+X23+Z23+AB23) | AD23: =IF($D23<>"Evet","",IF(AC23>='1 AYAR'!$C$27,"A",IF(AC23>='1 AYAR'!$C$28,"B",IF(AC23>='1 AYAR'!$C$29,"C","D")))) | AE23: =IF($D23<>"Evet","",AC23+ROW()/10000)
A24: =IF($D24<>"Evet","",RANK(AC24,$AC$6:$AC$44,0)) | B24: B2 TRAKYA HATTI | C24: Bakırköy | D24: Hayır | F24: =IF($D24<>"Evet","",IF('1 AYAR'!$C$4="Sayı",MIN(E24*'1 AYAR'!$D$4,'1 AYAR'!$E$4),IF('1 AYAR'!$C$4="Evet/Hayır",IF(OR(E24="Var",E24="Yapıldı",E24="Evet"),'1 AYAR'!$E$4,0),IF(LEN(E24)>3,'1 AYAR'!$E$4,0)))) | H24: =IF($D24<>"Evet","",IF('1 AYAR'!$C$5="Sayı",MIN(G24*'1 AYAR'!$D$5,'1 AYAR'!$E$5),IF('1 AYAR'!$C$5="Evet/Hayır",IF(OR(G24="Var",G24="Yapıldı",G24="Evet"),'1 AYAR'!$E$5,0),IF(LEN(G24)>3,'1 AYAR'!$E$5,0)))) | J24: =IF($D24<>"Evet","",IF('1 AYAR'!$C$6="Sayı",MIN(I24*'1 AYAR'!$D$6,'1 AYAR'!$E$6),IF('1 AYAR'!$C$6="Evet/Hayır",IF(OR(I24="Var",I24="Yapıldı",I24="Evet"),'1 AYAR'!$E$6,0),IF(LEN(I24)>3,'1 AYAR'!$E$6,0)))) | L24: =IF($D24<>"Evet","",IF('1 AYAR'!$C$7="Sayı",MIN(K24*'1 AYAR'!$D$7,'1 AYAR'!$E$7),IF('1 AYAR'!$C$7="Evet/Hayır",IF(OR(K24="Var",K24="Yapıldı",K24="Evet"),'1 AYAR'!$E$7,0),IF(LEN(K24)>3,'1 AYAR'!$E$7,0)))) | N24: =IF($D24<>"Evet","",IF('1 AYAR'!$C$8="Sayı",MIN(M24*'1 AYAR'!$D$8,'1 AYAR'!$E$8),IF('1 AYAR'!$C$8="Evet/Hayır",IF(OR(M24="Var",M24="Yapıldı",M24="Evet"),'1 AYAR'!$E$8,0),IF(LEN(M24)>3,'1 AYAR'!$E$8,0)))) | P24: =IF($D24<>"Evet","",IF('1 AYAR'!$C$9="Sayı",MIN(O24*'1 AYAR'!$D$9,'1 AYAR'!$E$9),IF('1 AYAR'!$C$9="Evet/Hayır",IF(OR(O24="Var",O24="Yapıldı",O24="Evet"),'1 AYAR'!$E$9,0),IF(LEN(O24)>3,'1 AYAR'!$E$9,0)))) | R24: =IF($D24<>"Evet","",IF('1 AYAR'!$C$10="Sayı",MIN(Q24*'1 AYAR'!$D$10,'1 AYAR'!$E$10),IF('1 AYAR'!$C$10="Evet/Hayır",IF(OR(Q24="Var",Q24="Yapıldı",Q24="Evet"),'1 AYAR'!$E$10,0),IF(LEN(Q24)>3,'1 AYAR'!$E$10,0)))) | T24: =IF($D24<>"Evet","",IF('1 AYAR'!$C$11="Sayı",MIN(S24*'1 AYAR'!$D$11,'1 AYAR'!$E$11),IF('1 AYAR'!$C$11="Evet/Hayır",IF(OR(S24="Var",S24="Yapıldı",S24="Evet"),'1 AYAR'!$E$11,0),IF(LEN(S24)>3,'1 AYAR'!$E$11,0)))) | V24: =IF($D24<>"Evet","",IF('1 AYAR'!$C$12="Sayı",MIN(U24*'1 AYAR'!$D$12,'1 AYAR'!$E$12),IF('1 AYAR'!$C$12="Evet/Hayır",IF(OR(U24="Var",U24="Yapıldı",U24="Evet"),'1 AYAR'!$E$12,0),IF(LEN(U24)>3,'1 AYAR'!$E$12,0)))) | X24: =IF($D24<>"Evet","",IF('1 AYAR'!$C$13="Sayı",MIN(W24*'1 AYAR'!$D$13,'1 AYAR'!$E$13),IF('1 AYAR'!$C$13="Evet/Hayır",IF(OR(W24="Var",W24="Yapıldı",W24="Evet"),'1 AYAR'!$E$13,0),IF(LEN(W24)>3,'1 AYAR'!$E$13,0)))) | Z24: =IF($D24<>"Evet","",IF('1 AYAR'!$C$14="Sayı",MIN(Y24*'1 AYAR'!$D$14,'1 AYAR'!$E$14),IF('1 AYAR'!$C$14="Evet/Hayır",IF(OR(Y24="Var",Y24="Yapıldı",Y24="Evet"),'1 AYAR'!$E$14,0),IF(LEN(Y24)>3,'1 AYAR'!$E$14,0)))) | AB24: =IF($D24<>"Evet","",IF('1 AYAR'!$C$15="Sayı",MIN(AA24*'1 AYAR'!$D$15,'1 AYAR'!$E$15),IF('1 AYAR'!$C$15="Evet/Hayır",IF(OR(AA24="Var",AA24="Yapıldı",AA24="Evet"),'1 AYAR'!$E$15,0),IF(LEN(AA24)>3,'1 AYAR'!$E$15,0)))) | AC24: =IF($D24<>"Evet","",F24+H24+J24+L24+N24+P24+R24+T24+V24+X24+Z24+AB24) | AD24: =IF($D24<>"Evet","",IF(AC24>='1 AYAR'!$C$27,"A",IF(AC24>='1 AYAR'!$C$28,"B",IF(AC24>='1 AYAR'!$C$29,"C","D")))) | AE24: =IF($D24<>"Evet","",AC24+ROW()/10000)
A25: =IF($D25<>"Evet","",RANK(AC25,$AC$6:$AC$44,0)) | B25: B2 TRAKYA HATTI | C25: Avcılar | D25: Hayır | F25: =IF($D25<>"Evet","",IF('1 AYAR'!$C$4="Sayı",MIN(E25*'1 AYAR'!$D$4,'1 AYAR'!$E$4),IF('1 AYAR'!$C$4="Evet/Hayır",IF(OR(E25="Var",E25="Yapıldı",E25="Evet"),'1 AYAR'!$E$4,0),IF(LEN(E25)>3,'1 AYAR'!$E$4,0)))) | H25: =IF($D25<>"Evet","",IF('1 AYAR'!$C$5="Sayı",MIN(G25*'1 AYAR'!$D$5,'1 AYAR'!$E$5),IF('1 AYAR'!$C$5="Evet/Hayır",IF(OR(G25="Var",G25="Yapıldı",G25="Evet"),'1 AYAR'!$E$5,0),IF(LEN(G25)>3,'1 AYAR'!$E$5,0)))) | J25: =IF($D25<>"Evet","",IF('1 AYAR'!$C$6="Sayı",MIN(I25*'1 AYAR'!$D$6,'1 AYAR'!$E$6),IF('1 AYAR'!$C$6="Evet/Hayır",IF(OR(I25="Var",I25="Yapıldı",I25="Evet"),'1 AYAR'!$E$6,0),IF(LEN(I25)>3,'1 AYAR'!$E$6,0)))) | L25: =IF($D25<>"Evet","",IF('1 AYAR'!$C$7="Sayı",MIN(K25*'1 AYAR'!$D$7,'1 AYAR'!$E$7),IF('1 AYAR'!$C$7="Evet/Hayır",IF(OR(K25="Var",K25="Yapıldı",K25="Evet"),'1 AYAR'!$E$7,0),IF(LEN(K25)>3,'1 AYAR'!$E$7,0)))) | N25: =IF($D25<>"Evet","",IF('1 AYAR'!$C$8="Sayı",MIN(M25*'1 AYAR'!$D$8,'1 AYAR'!$E$8),IF('1 AYAR'!$C$8="Evet/Hayır",IF(OR(M25="Var",M25="Yapıldı",M25="Evet"),'1 AYAR'!$E$8,0),IF(LEN(M25)>3,'1 AYAR'!$E$8,0)))) | P25: =IF($D25<>"Evet","",IF('1 AYAR'!$C$9="Sayı",MIN(O25*'1 AYAR'!$D$9,'1 AYAR'!$E$9),IF('1 AYAR'!$C$9="Evet/Hayır",IF(OR(O25="Var",O25="Yapıldı",O25="Evet"),'1 AYAR'!$E$9,0),IF(LEN(O25)>3,'1 AYAR'!$E$9,0)))) | R25: =IF($D25<>"Evet","",IF('1 AYAR'!$C$10="Sayı",MIN(Q25*'1 AYAR'!$D$10,'1 AYAR'!$E$10),IF('1 AYAR'!$C$10="Evet/Hayır",IF(OR(Q25="Var",Q25="Yapıldı",Q25="Evet"),'1 AYAR'!$E$10,0),IF(LEN(Q25)>3,'1 AYAR'!$E$10,0)))) | T25: =IF($D25<>"Evet","",IF('1 AYAR'!$C$11="Sayı",MIN(S25*'1 AYAR'!$D$11,'1 AYAR'!$E$11),IF('1 AYAR'!$C$11="Evet/Hayır",IF(OR(S25="Var",S25="Yapıldı",S25="Evet"),'1 AYAR'!$E$11,0),IF(LEN(S25)>3,'1 AYAR'!$E$11,0)))) | V25: =IF($D25<>"Evet","",IF('1 AYAR'!$C$12="Sayı",MIN(U25*'1 AYAR'!$D$12,'1 AYAR'!$E$12),IF('1 AYAR'!$C$12="Evet/Hayır",IF(OR(U25="Var",U25="Yapıldı",U25="Evet"),'1 AYAR'!$E$12,0),IF(LEN(U25)>3,'1 AYAR'!$E$12,0)))) | X25: =IF($D25<>"Evet","",IF('1 AYAR'!$C$13="Sayı",MIN(W25*'1 AYAR'!$D$13,'1 AYAR'!$E$13),IF('1 AYAR'!$C$13="Evet/Hayır",IF(OR(W25="Var",W25="Yapıldı",W25="Evet"),'1 AYAR'!$E$13,0),IF(LEN(W25)>3,'1 AYAR'!$E$13,0)))) | Z25: =IF($D25<>"Evet","",IF('1 AYAR'!$C$14="Sayı",MIN(Y25*'1 AYAR'!$D$14,'1 AYAR'!$E$14),IF('1 AYAR'!$C$14="Evet/Hayır",IF(OR(Y25="Var",Y25="Yapıldı",Y25="Evet"),'1 AYAR'!$E$14,0),IF(LEN(Y25)>3,'1 AYAR'!$E$14,0)))) | AB25: =IF($D25<>"Evet","",IF('1 AYAR'!$C$15="Sayı",MIN(AA25*'1 AYAR'!$D$15,'1 AYAR'!$E$15),IF('1 AYAR'!$C$15="Evet/Hayır",IF(OR(AA25="Var",AA25="Yapıldı",AA25="Evet"),'1 AYAR'!$E$15,0),IF(LEN(AA25)>3,'1 AYAR'!$E$15,0)))) | AC25: =IF($D25<>"Evet","",F25+H25+J25+L25+N25+P25+R25+T25+V25+X25+Z25+AB25) | AD25: =IF($D25<>"Evet","",IF(AC25>='1 AYAR'!$C$27,"A",IF(AC25>='1 AYAR'!$C$28,"B",IF(AC25>='1 AYAR'!$C$29,"C","D")))) | AE25: =IF($D25<>"Evet","",AC25+ROW()/10000)
A26: =IF($D26<>"Evet","",RANK(AC26,$AC$6:$AC$44,0)) | B26: B2 TRAKYA HATTI | C26: Beylikdüzü | D26: Hayır | F26: =IF($D26<>"Evet","",IF('1 AYAR'!$C$4="Sayı",MIN(E26*'1 AYAR'!$D$4,'1 AYAR'!$E$4),IF('1 AYAR'!$C$4="Evet/Hayır",IF(OR(E26="Var",E26="Yapıldı",E26="Evet"),'1 AYAR'!$E$4,0),IF(LEN(E26)>3,'1 AYAR'!$E$4,0)))) | H26: =IF($D26<>"Evet","",IF('1 AYAR'!$C$5="Sayı",MIN(G26*'1 AYAR'!$D$5,'1 AYAR'!$E$5),IF('1 AYAR'!$C$5="Evet/Hayır",IF(OR(G26="Var",G26="Yapıldı",G26="Evet"),'1 AYAR'!$E$5,0),IF(LEN(G26)>3,'1 AYAR'!$E$5,0)))) | J26: =IF($D26<>"Evet","",IF('1 AYAR'!$C$6="Sayı",MIN(I26*'1 AYAR'!$D$6,'1 AYAR'!$E$6),IF('1 AYAR'!$C$6="Evet/Hayır",IF(OR(I26="Var",I26="Yapıldı",I26="Evet"),'1 AYAR'!$E$6,0),IF(LEN(I26)>3,'1 AYAR'!$E$6,0)))) | L26: =IF($D26<>"Evet","",IF('1 AYAR'!$C$7="Sayı",MIN(K26*'1 AYAR'!$D$7,'1 AYAR'!$E$7),IF('1 AYAR'!$C$7="Evet/Hayır",IF(OR(K26="Var",K26="Yapıldı",K26="Evet"),'1 AYAR'!$E$7,0),IF(LEN(K26)>3,'1 AYAR'!$E$7,0)))) | N26: =IF($D26<>"Evet","",IF('1 AYAR'!$C$8="Sayı",MIN(M26*'1 AYAR'!$D$8,'1 AYAR'!$E$8),IF('1 AYAR'!$C$8="Evet/Hayır",IF(OR(M26="Var",M26="Yapıldı",M26="Evet"),'1 AYAR'!$E$8,0),IF(LEN(M26)>3,'1 AYAR'!$E$8,0)))) | P26: =IF($D26<>"Evet","",IF('1 AYAR'!$C$9="Sayı",MIN(O26*'1 AYAR'!$D$9,'1 AYAR'!$E$9),IF('1 AYAR'!$C$9="Evet/Hayır",IF(OR(O26="Var",O26="Yapıldı",O26="Evet"),'1 AYAR'!$E$9,0),IF(LEN(O26)>3,'1 AYAR'!$E$9,0)))) | R26: =IF($D26<>"Evet","",IF('1 AYAR'!$C$10="Sayı",MIN(Q26*'1 AYAR'!$D$10,'1 AYAR'!$E$10),IF('1 AYAR'!$C$10="Evet/Hayır",IF(OR(Q26="Var",Q26="Yapıldı",Q26="Evet"),'1 AYAR'!$E$10,0),IF(LEN(Q26)>3,'1 AYAR'!$E$10,0)))) | T26: =IF($D26<>"Evet","",IF('1 AYAR'!$C$11="Sayı",MIN(S26*'1 AYAR'!$D$11,'1 AYAR'!$E$11),IF('1 AYAR'!$C$11="Evet/Hayır",IF(OR(S26="Var",S26="Yapıldı",S26="Evet"),'1 AYAR'!$E$11,0),IF(LEN(S26)>3,'1 AYAR'!$E$11,0)))) | V26: =IF($D26<>"Evet","",IF('1 AYAR'!$C$12="Sayı",MIN(U26*'1 AYAR'!$D$12,'1 AYAR'!$E$12),IF('1 AYAR'!$C$12="Evet/Hayır",IF(OR(U26="Var",U26="Yapıldı",U26="Evet"),'1 AYAR'!$E$12,0),IF(LEN(U26)>3,'1 AYAR'!$E$12,0)))) | X26: =IF($D26<>"Evet","",IF('1 AYAR'!$C$13="Sayı",MIN(W26*'1 AYAR'!$D$13,'1 AYAR'!$E$13),IF('1 AYAR'!$C$13="Evet/Hayır",IF(OR(W26="Var",W26="Yapıldı",W26="Evet"),'1 AYAR'!$E$13,0),IF(LEN(W26)>3,'1 AYAR'!$E$13,0)))) | Z26: =IF($D26<>"Evet","",IF('1 AYAR'!$C$14="Sayı",MIN(Y26*'1 AYAR'!$D$14,'1 AYAR'!$E$14),IF('1 AYAR'!$C$14="Evet/Hayır",IF(OR(Y26="Var",Y26="Yapıldı",Y26="Evet"),'1 AYAR'!$E$14,0),IF(LEN(Y26)>3,'1 AYAR'!$E$14,0)))) | AB26: =IF($D26<>"Evet","",IF('1 AYAR'!$C$15="Sayı",MIN(AA26*'1 AYAR'!$D$15,'1 AYAR'!$E$15),IF('1 AYAR'!$C$15="Evet/Hayır",IF(OR(AA26="Var",AA26="Yapıldı",AA26="Evet"),'1 AYAR'!$E$15,0),IF(LEN(AA26)>3,'1 AYAR'!$E$15,0)))) | AC26: =IF($D26<>"Evet","",F26+H26+J26+L26+N26+P26+R26+T26+V26+X26+Z26+AB26) | AD26: =IF($D26<>"Evet","",IF(AC26>='1 AYAR'!$C$27,"A",IF(AC26>='1 AYAR'!$C$28,"B",IF(AC26>='1 AYAR'!$C$29,"C","D")))) | AE26: =IF($D26<>"Evet","",AC26+ROW()/10000)
A27: =IF($D27<>"Evet","",RANK(AC27,$AC$6:$AC$44,0)) | B27: B2 TRAKYA HATTI | C27: Büyükçekmece | D27: Hayır | F27: =IF($D27<>"Evet","",IF('1 AYAR'!$C$4="Sayı",MIN(E27*'1 AYAR'!$D$4,'1 AYAR'!$E$4),IF('1 AYAR'!$C$4="Evet/Hayır",IF(OR(E27="Var",E27="Yapıldı",E27="Evet"),'1 AYAR'!$E$4,0),IF(LEN(E27)>3,'1 AYAR'!$E$4,0)))) | H27: =IF($D27<>"Evet","",IF('1 AYAR'!$C$5="Sayı",MIN(G27*'1 AYAR'!$D$5,'1 AYAR'!$E$5),IF('1 AYAR'!$C$5="Evet/Hayır",IF(OR(G27="Var",G27="Yapıldı",G27="Evet"),'1 AYAR'!$E$5,0),IF(LEN(G27)>3,'1 AYAR'!$E$5,0)))) | J27: =IF($D27<>"Evet","",IF('1 AYAR'!$C$6="Sayı",MIN(I27*'1 AYAR'!$D$6,'1 AYAR'!$E$6),IF('1 AYAR'!$C$6="Evet/Hayır",IF(OR(I27="Var",I27="Yapıldı",I27="Evet"),'1 AYAR'!$E$6,0),IF(LEN(I27)>3,'1 AYAR'!$E$6,0)))) | L27: =IF($D27<>"Evet","",IF('1 AYAR'!$C$7="Sayı",MIN(K27*'1 AYAR'!$D$7,'1 AYAR'!$E$7),IF('1 AYAR'!$C$7="Evet/Hayır",IF(OR(K27="Var",K27="Yapıldı",K27="Evet"),'1 AYAR'!$E$7,0),IF(LEN(K27)>3,'1 AYAR'!$E$7,0)))) | N27: =IF($D27<>"Evet","",IF('1 AYAR'!$C$8="Sayı",MIN(M27*'1 AYAR'!$D$8,'1 AYAR'!$E$8),IF('1 AYAR'!$C$8="Evet/Hayır",IF(OR(M27="Var",M27="Yapıldı",M27="Evet"),'1 AYAR'!$E$8,0),IF(LEN(M27)>3,'1 AYAR'!$E$8,0)))) | P27: =IF($D27<>"Evet","",IF('1 AYAR'!$C$9="Sayı",MIN(O27*'1 AYAR'!$D$9,'1 AYAR'!$E$9),IF('1 AYAR'!$C$9="Evet/Hayır",IF(OR(O27="Var",O27="Yapıldı",O27="Evet"),'1 AYAR'!$E$9,0),IF(LEN(O27)>3,'1 AYAR'!$E$9,0)))) | R27: =IF($D27<>"Evet","",IF('1 AYAR'!$C$10="Sayı",MIN(Q27*'1 AYAR'!$D$10,'1 AYAR'!$E$10),IF('1 AYAR'!$C$10="Evet/Hayır",IF(OR(Q27="Var",Q27="Yapıldı",Q27="Evet"),'1 AYAR'!$E$10,0),IF(LEN(Q27)>3,'1 AYAR'!$E$10,0)))) | T27: =IF($D27<>"Evet","",IF('1 AYAR'!$C$11="Sayı",MIN(S27*'1 AYAR'!$D$11,'1 AYAR'!$E$11),IF('1 AYAR'!$C$11="Evet/Hayır",IF(OR(S27="Var",S27="Yapıldı",S27="Evet"),'1 AYAR'!$E$11,0),IF(LEN(S27)>3,'1 AYAR'!$E$11,0)))) | V27: =IF($D27<>"Evet","",IF('1 AYAR'!$C$12="Sayı",MIN(U27*'1 AYAR'!$D$12,'1 AYAR'!$E$12),IF('1 AYAR'!$C$12="Evet/Hayır",IF(OR(U27="Var",U27="Yapıldı",U27="Evet"),'1 AYAR'!$E$12,0),IF(LEN(U27)>3,'1 AYAR'!$E$12,0)))) | X27: =IF($D27<>"Evet","",IF('1 AYAR'!$C$13="Sayı",MIN(W27*'1 AYAR'!$D$13,'1 AYAR'!$E$13),IF('1 AYAR'!$C$13="Evet/Hayır",IF(OR(W27="Var",W27="Yapıldı",W27="Evet"),'1 AYAR'!$E$13,0),IF(LEN(W27)>3,'1 AYAR'!$E$13,0)))) | Z27: =IF($D27<>"Evet","",IF('1 AYAR'!$C$14="Sayı",MIN(Y27*'1 AYAR'!$D$14,'1 AYAR'!$E$14),IF('1 AYAR'!$C$14="Evet/Hayır",IF(OR(Y27="Var",Y27="Yapıldı",Y27="Evet"),'1 AYAR'!$E$14,0),IF(LEN(Y27)>3,'1 AYAR'!$E$14,0)))) | AB27: =IF($D27<>"Evet","",IF('1 AYAR'!$C$15="Sayı",MIN(AA27*'1 AYAR'!$D$15,'1 AYAR'!$E$15),IF('1 AYAR'!$C$15="Evet/Hayır",IF(OR(AA27="Var",AA27="Yapıldı",AA27="Evet"),'1 AYAR'!$E$15,0),IF(LEN(AA27)>3,'1 AYAR'!$E$15,0)))) | AC27: =IF($D27<>"Evet","",F27+H27+J27+L27+N27+P27+R27+T27+V27+X27+Z27+AB27) | AD27: =IF($D27<>"Evet","",IF(AC27>='1 AYAR'!$C$27,"A",IF(AC27>='1 AYAR'!$C$28,"B",IF(AC27>='1 AYAR'!$C$29,"C","D")))) | AE27: =IF($D27<>"Evet","",AC27+ROW()/10000)
A28: =IF($D28<>"Evet","",RANK(AC28,$AC$6:$AC$44,0)) | B28: B2 TRAKYA HATTI | C28: Arnavutköy | D28: Hayır | F28: =IF($D28<>"Evet","",IF('1 AYAR'!$C$4="Sayı",MIN(E28*'1 AYAR'!$D$4,'1 AYAR'!$E$4),IF('1 AYAR'!$C$4="Evet/Hayır",IF(OR(E28="Var",E28="Yapıldı",E28="Evet"),'1 AYAR'!$E$4,0),IF(LEN(E28)>3,'1 AYAR'!$E$4,0)))) | H28: =IF($D28<>"Evet","",IF('1 AYAR'!$C$5="Sayı",MIN(G28*'1 AYAR'!$D$5,'1 AYAR'!$E$5),IF('1 AYAR'!$C$5="Evet/Hayır",IF(OR(G28="Var",G28="Yapıldı",G28="Evet"),'1 AYAR'!$E$5,0),IF(LEN(G28)>3,'1 AYAR'!$E$5,0)))) | J28: =IF($D28<>"Evet","",IF('1 AYAR'!$C$6="Sayı",MIN(I28*'1 AYAR'!$D$6,'1 AYAR'!$E$6),IF('1 AYAR'!$C$6="Evet/Hayır",IF(OR(I28="Var",I28="Yapıldı",I28="Evet"),'1 AYAR'!$E$6,0),IF(LEN(I28)>3,'1 AYAR'!$E$6,0)))) | L28: =IF($D28<>"Evet","",IF('1 AYAR'!$C$7="Sayı",MIN(K28*'1 AYAR'!$D$7,'1 AYAR'!$E$7),IF('1 AYAR'!$C$7="Evet/Hayır",IF(OR(K28="Var",K28="Yapıldı",K28="Evet"),'1 AYAR'!$E$7,0),IF(LEN(K28)>3,'1 AYAR'!$E$7,0)))) | N28: =IF($D28<>"Evet","",IF('1 AYAR'!$C$8="Sayı",MIN(M28*'1 AYAR'!$D$8,'1 AYAR'!$E$8),IF('1 AYAR'!$C$8="Evet/Hayır",IF(OR(M28="Var",M28="Yapıldı",M28="Evet"),'1 AYAR'!$E$8,0),IF(LEN(M28)>3,'1 AYAR'!$E$8,0)))) | P28: =IF($D28<>"Evet","",IF('1 AYAR'!$C$9="Sayı",MIN(O28*'1 AYAR'!$D$9,'1 AYAR'!$E$9),IF('1 AYAR'!$C$9="Evet/Hayır",IF(OR(O28="Var",O28="Yapıldı",O28="Evet"),'1 AYAR'!$E$9,0),IF(LEN(O28)>3,'1 AYAR'!$E$9,0)))) | R28: =IF($D28<>"Evet","",IF('1 AYAR'!$C$10="Sayı",MIN(Q28*'1 AYAR'!$D$10,'1 AYAR'!$E$10),IF('1 AYAR'!$C$10="Evet/Hayır",IF(OR(Q28="Var",Q28="Yapıldı",Q28="Evet"),'1 AYAR'!$E$10,0),IF(LEN(Q28)>3,'1 AYAR'!$E$10,0)))) | T28: =IF($D28<>"Evet","",IF('1 AYAR'!$C$11="Sayı",MIN(S28*'1 AYAR'!$D$11,'1 AYAR'!$E$11),IF('1 AYAR'!$C$11="Evet/Hayır",IF(OR(S28="Var",S28="Yapıldı",S28="Evet"),'1 AYAR'!$E$11,0),IF(LEN(S28)>3,'1 AYAR'!$E$11,0)))) | V28: =IF($D28<>"Evet","",IF('1 AYAR'!$C$12="Sayı",MIN(U28*'1 AYAR'!$D$12,'1 AYAR'!$E$12),IF('1 AYAR'!$C$12="Evet/Hayır",IF(OR(U28="Var",U28="Yapıldı",U28="Evet"),'1 AYAR'!$E$12,0),IF(LEN(U28)>3,'1 AYAR'!$E$12,0)))) | X28: =IF($D28<>"Evet","",IF('1 AYAR'!$C$13="Sayı",MIN(W28*'1 AYAR'!$D$13,'1 AYAR'!$E$13),IF('1 AYAR'!$C$13="Evet/Hayır",IF(OR(W28="Var",W28="Yapıldı",W28="Evet"),'1 AYAR'!$E$13,0),IF(LEN(W28)>3,'1 AYAR'!$E$13,0)))) | Z28: =IF($D28<>"Evet","",IF('1 AYAR'!$C$14="Sayı",MIN(Y28*'1 AYAR'!$D$14,'1 AYAR'!$E$14),IF('1 AYAR'!$C$14="Evet/Hayır",IF(OR(Y28="Var",Y28="Yapıldı",Y28="Evet"),'1 AYAR'!$E$14,0),IF(LEN(Y28)>3,'1 AYAR'!$E$14,0)))) | AB28: =IF($D28<>"Evet","",IF('1 AYAR'!$C$15="Sayı",MIN(AA28*'1 AYAR'!$D$15,'1 AYAR'!$E$15),IF('1 AYAR'!$C$15="Evet/Hayır",IF(OR(AA28="Var",AA28="Yapıldı",AA28="Evet"),'1 AYAR'!$E$15,0),IF(LEN(AA28)>3,'1 AYAR'!$E$15,0)))) | AC28: =IF($D28<>"Evet","",F28+H28+J28+L28+N28+P28+R28+T28+V28+X28+Z28+AB28) | AD28: =IF($D28<>"Evet","",IF(AC28>='1 AYAR'!$C$27,"A",IF(AC28>='1 AYAR'!$C$28,"B",IF(AC28>='1 AYAR'!$C$29,"C","D")))) | AE28: =IF($D28<>"Evet","",AC28+ROW()/10000)
A29: =IF($D29<>"Evet","",RANK(AC29,$AC$6:$AC$44,0)) | B29: B2 TRAKYA HATTI | C29: Çatalca | D29: Hayır | F29: =IF($D29<>"Evet","",IF('1 AYAR'!$C$4="Sayı",MIN(E29*'1 AYAR'!$D$4,'1 AYAR'!$E$4),IF('1 AYAR'!$C$4="Evet/Hayır",IF(OR(E29="Var",E29="Yapıldı",E29="Evet"),'1 AYAR'!$E$4,0),IF(LEN(E29)>3,'1 AYAR'!$E$4,0)))) | H29: =IF($D29<>"Evet","",IF('1 AYAR'!$C$5="Sayı",MIN(G29*'1 AYAR'!$D$5,'1 AYAR'!$E$5),IF('1 AYAR'!$C$5="Evet/Hayır",IF(OR(G29="Var",G29="Yapıldı",G29="Evet"),'1 AYAR'!$E$5,0),IF(LEN(G29)>3,'1 AYAR'!$E$5,0)))) | J29: =IF($D29<>"Evet","",IF('1 AYAR'!$C$6="Sayı",MIN(I29*'1 AYAR'!$D$6,'1 AYAR'!$E$6),IF('1 AYAR'!$C$6="Evet/Hayır",IF(OR(I29="Var",I29="Yapıldı",I29="Evet"),'1 AYAR'!$E$6,0),IF(LEN(I29)>3,'1 AYAR'!$E$6,0)))) | L29: =IF($D29<>"Evet","",IF('1 AYAR'!$C$7="Sayı",MIN(K29*'1 AYAR'!$D$7,'1 AYAR'!$E$7),IF('1 AYAR'!$C$7="Evet/Hayır",IF(OR(K29="Var",K29="Yapıldı",K29="Evet"),'1 AYAR'!$E$7,0),IF(LEN(K29)>3,'1 AYAR'!$E$7,0)))) | N29: =IF($D29<>"Evet","",IF('1 AYAR'!$C$8="Sayı",MIN(M29*'1 AYAR'!$D$8,'1 AYAR'!$E$8),IF('1 AYAR'!$C$8="Evet/Hayır",IF(OR(M29="Var",M29="Yapıldı",M29="Evet"),'1 AYAR'!$E$8,0),IF(LEN(M29)>3,'1 AYAR'!$E$8,0)))) | P29: =IF($D29<>"Evet","",IF('1 AYAR'!$C$9="Sayı",MIN(O29*'1 AYAR'!$D$9,'1 AYAR'!$E$9),IF('1 AYAR'!$C$9="Evet/Hayır",IF(OR(O29="Var",O29="Yapıldı",O29="Evet"),'1 AYAR'!$E$9,0),IF(LEN(O29)>3,'1 AYAR'!$E$9,0)))) | R29: =IF($D29<>"Evet","",IF('1 AYAR'!$C$10="Sayı",MIN(Q29*'1 AYAR'!$D$10,'1 AYAR'!$E$10),IF('1 AYAR'!$C$10="Evet/Hayır",IF(OR(Q29="Var",Q29="Yapıldı",Q29="Evet"),'1 AYAR'!$E$10,0),IF(LEN(Q29)>3,'1 AYAR'!$E$10,0)))) | T29: =IF($D29<>"Evet","",IF('1 AYAR'!$C$11="Sayı",MIN(S29*'1 AYAR'!$D$11,'1 AYAR'!$E$11),IF('1 AYAR'!$C$11="Evet/Hayır",IF(OR(S29="Var",S29="Yapıldı",S29="Evet"),'1 AYAR'!$E$11,0),IF(LEN(S29)>3,'1 AYAR'!$E$11,0)))) | V29: =IF($D29<>"Evet","",IF('1 AYAR'!$C$12="Sayı",MIN(U29*'1 AYAR'!$D$12,'1 AYAR'!$E$12),IF('1 AYAR'!$C$12="Evet/Hayır",IF(OR(U29="Var",U29="Yapıldı",U29="Evet"),'1 AYAR'!$E$12,0),IF(LEN(U29)>3,'1 AYAR'!$E$12,0)))) | X29: =IF($D29<>"Evet","",IF('1 AYAR'!$C$13="Sayı",MIN(W29*'1 AYAR'!$D$13,'1 AYAR'!$E$13),IF('1 AYAR'!$C$13="Evet/Hayır",IF(OR(W29="Var",W29="Yapıldı",W29="Evet"),'1 AYAR'!$E$13,0),IF(LEN(W29)>3,'1 AYAR'!$E$13,0)))) | Z29: =IF($D29<>"Evet","",IF('1 AYAR'!$C$14="Sayı",MIN(Y29*'1 AYAR'!$D$14,'1 AYAR'!$E$14),IF('1 AYAR'!$C$14="Evet/Hayır",IF(OR(Y29="Var",Y29="Yapıldı",Y29="Evet"),'1 AYAR'!$E$14,0),IF(LEN(Y29)>3,'1 AYAR'!$E$14,0)))) | AB29: =IF($D29<>"Evet","",IF('1 AYAR'!$C$15="Sayı",MIN(AA29*'1 AYAR'!$D$15,'1 AYAR'!$E$15),IF('1 AYAR'!$C$15="Evet/Hayır",IF(OR(AA29="Var",AA29="Yapıldı",AA29="Evet"),'1 AYAR'!$E$15,0),IF(LEN(AA29)>3,'1 AYAR'!$E$15,0)))) | AC29: =IF($D29<>"Evet","",F29+H29+J29+L29+N29+P29+R29+T29+V29+X29+Z29+AB29) | AD29: =IF($D29<>"Evet","",IF(AC29>='1 AYAR'!$C$27,"A",IF(AC29>='1 AYAR'!$C$28,"B",IF(AC29>='1 AYAR'!$C$29,"C","D")))) | AE29: =IF($D29<>"Evet","",AC29+ROW()/10000)
A30: =IF($D30<>"Evet","",RANK(AC30,$AC$6:$AC$44,0)) | B30: B2 TRAKYA HATTI | C30: Silivri | D30: Hayır | F30: =IF($D30<>"Evet","",IF('1 AYAR'!$C$4="Sayı",MIN(E30*'1 AYAR'!$D$4,'1 AYAR'!$E$4),IF('1 AYAR'!$C$4="Evet/Hayır",IF(OR(E30="Var",E30="Yapıldı",E30="Evet"),'1 AYAR'!$E$4,0),IF(LEN(E30)>3,'1 AYAR'!$E$4,0)))) | H30: =IF($D30<>"Evet","",IF('1 AYAR'!$C$5="Sayı",MIN(G30*'1 AYAR'!$D$5,'1 AYAR'!$E$5),IF('1 AYAR'!$C$5="Evet/Hayır",IF(OR(G30="Var",G30="Yapıldı",G30="Evet"),'1 AYAR'!$E$5,0),IF(LEN(G30)>3,'1 AYAR'!$E$5,0)))) | J30: =IF($D30<>"Evet","",IF('1 AYAR'!$C$6="Sayı",MIN(I30*'1 AYAR'!$D$6,'1 AYAR'!$E$6),IF('1 AYAR'!$C$6="Evet/Hayır",IF(OR(I30="Var",I30="Yapıldı",I30="Evet"),'1 AYAR'!$E$6,0),IF(LEN(I30)>3,'1 AYAR'!$E$6,0)))) | L30: =IF($D30<>"Evet","",IF('1 AYAR'!$C$7="Sayı",MIN(K30*'1 AYAR'!$D$7,'1 AYAR'!$E$7),IF('1 AYAR'!$C$7="Evet/Hayır",IF(OR(K30="Var",K30="Yapıldı",K30="Evet"),'1 AYAR'!$E$7,0),IF(LEN(K30)>3,'1 AYAR'!$E$7,0)))) | N30: =IF($D30<>"Evet","",IF('1 AYAR'!$C$8="Sayı",MIN(M30*'1 AYAR'!$D$8,'1 AYAR'!$E$8),IF('1 AYAR'!$C$8="Evet/Hayır",IF(OR(M30="Var",M30="Yapıldı",M30="Evet"),'1 AYAR'!$E$8,0),IF(LEN(M30)>3,'1 AYAR'!$E$8,0)))) | P30: =IF($D30<>"Evet","",IF('1 AYAR'!$C$9="Sayı",MIN(O30*'1 AYAR'!$D$9,'1 AYAR'!$E$9),IF('1 AYAR'!$C$9="Evet/Hayır",IF(OR(O30="Var",O30="Yapıldı",O30="Evet"),'1 AYAR'!$E$9,0),IF(LEN(O30)>3,'1 AYAR'!$E$9,0)))) | R30: =IF($D30<>"Evet","",IF('1 AYAR'!$C$10="Sayı",MIN(Q30*'1 AYAR'!$D$10,'1 AYAR'!$E$10),IF('1 AYAR'!$C$10="Evet/Hayır",IF(OR(Q30="Var",Q30="Yapıldı",Q30="Evet"),'1 AYAR'!$E$10,0),IF(LEN(Q30)>3,'1 AYAR'!$E$10,0)))) | T30: =IF($D30<>"Evet","",IF('1 AYAR'!$C$11="Sayı",MIN(S30*'1 AYAR'!$D$11,'1 AYAR'!$E$11),IF('1 AYAR'!$C$11="Evet/Hayır",IF(OR(S30="Var",S30="Yapıldı",S30="Evet"),'1 AYAR'!$E$11,0),IF(LEN(S30)>3,'1 AYAR'!$E$11,0)))) | V30: =IF($D30<>"Evet","",IF('1 AYAR'!$C$12="Sayı",MIN(U30*'1 AYAR'!$D$12,'1 AYAR'!$E$12),IF('1 AYAR'!$C$12="Evet/Hayır",IF(OR(U30="Var",U30="Yapıldı",U30="Evet"),'1 AYAR'!$E$12,0),IF(LEN(U30)>3,'1 AYAR'!$E$12,0)))) | X30: =IF($D30<>"Evet","",IF('1 AYAR'!$C$13="Sayı",MIN(W30*'1 AYAR'!$D$13,'1 AYAR'!$E$13),IF('1 AYAR'!$C$13="Evet/Hayır",IF(OR(W30="Var",W30="Yapıldı",W30="Evet"),'1 AYAR'!$E$13,0),IF(LEN(W30)>3,'1 AYAR'!$E$13,0)))) | Z30: =IF($D30<>"Evet","",IF('1 AYAR'!$C$14="Sayı",MIN(Y30*'1 AYAR'!$D$14,'1 AYAR'!$E$14),IF('1 AYAR'!$C$14="Evet/Hayır",IF(OR(Y30="Var",Y30="Yapıldı",Y30="Evet"),'1 AYAR'!$E$14,0),IF(LEN(Y30)>3,'1 AYAR'!$E$14,0)))) | AB30: =IF($D30<>"Evet","",IF('1 AYAR'!$C$15="Sayı",MIN(AA30*'1 AYAR'!$D$15,'1 AYAR'!$E$15),IF('1 AYAR'!$C$15="Evet/Hayır",IF(OR(AA30="Var",AA30="Yapıldı",AA30="Evet"),'1 AYAR'!$E$15,0),IF(LEN(AA30)>3,'1 AYAR'!$E$15,0)))) | AC30: =IF($D30<>"Evet","",F30+H30+J30+L30+N30+P30+R30+T30+V30+X30+Z30+AB30) | AD30: =IF($D30<>"Evet","",IF(AC30>='1 AYAR'!$C$27,"A",IF(AC30>='1 AYAR'!$C$28,"B",IF(AC30>='1 AYAR'!$C$29,"C","D")))) | AE30: =IF($D30<>"Evet","",AC30+ROW()/10000)
A31: =IF($D31<>"Evet","",RANK(AC31,$AC$6:$AC$44,0)) -> 8 | B31: B3 BOĞAZ HATTI | C31: Üsküdar (Kirazlıtepe) | D31: Evet | E31: 12 | F31: =IF($D31<>"Evet","",IF('1 AYAR'!$C$4="Sayı",MIN(E31*'1 AYAR'!$D$4,'1 AYAR'!$E$4),IF('1 AYAR'!$C$4="Evet/Hayır",IF(OR(E31="Var",E31="Yapıldı",E31="Evet"),'1 AYAR'!$E$4,0),IF(LEN(E31)>3,'1 AYAR'!$E$4,0)))) -> 12 | G31: 4 | H31: =IF($D31<>"Evet","",IF('1 AYAR'!$C$5="Sayı",MIN(G31*'1 AYAR'!$D$5,'1 AYAR'!$E$5),IF('1 AYAR'!$C$5="Evet/Hayır",IF(OR(G31="Var",G31="Yapıldı",G31="Evet"),'1 AYAR'!$E$5,0),IF(LEN(G31)>3,'1 AYAR'!$E$5,0)))) -> 10 | I31: Var | J31: =IF($D31<>"Evet","",IF('1 AYAR'!$C$6="Sayı",MIN(I31*'1 AYAR'!$D$6,'1 AYAR'!$E$6),IF('1 AYAR'!$C$6="Evet/Hayır",IF(OR(I31="Var",I31="Yapıldı",I31="Evet"),'1 AYAR'!$E$6,0),IF(LEN(I31)>3,'1 AYAR'!$E$6,0)))) -> 5 | K31: 1 | L31: =IF($D31<>"Evet","",IF('1 AYAR'!$C$7="Sayı",MIN(K31*'1 AYAR'!$D$7,'1 AYAR'!$E$7),IF('1 AYAR'!$C$7="Evet/Hayır",IF(OR(K31="Var",K31="Yapıldı",K31="Evet"),'1 AYAR'!$E$7,0),IF(LEN(K31)>3,'1 AYAR'!$E$7,0)))) -> 0.5 | M31: 2 | N31: =IF($D31<>"Evet","",IF('1 AYAR'!$C$8="Sayı",MIN(M31*'1 AYAR'!$D$8,'1 AYAR'!$E$8),IF('1 AYAR'!$C$8="Evet/Hayır",IF(OR(M31="Var",M31="Yapıldı",M31="Evet"),'1 AYAR'!$E$8,0),IF(LEN(M31)>3,'1 AYAR'!$E$8,0)))) -> 2 | O31: Yapılmadı | P31: =IF($D31<>"Evet","",IF('1 AYAR'!$C$9="Sayı",MIN(O31*'1 AYAR'!$D$9,'1 AYAR'!$E$9),IF('1 AYAR'!$C$9="Evet/Hayır",IF(OR(O31="Var",O31="Yapıldı",O31="Evet"),'1 AYAR'!$E$9,0),IF(LEN(O31)>3,'1 AYAR'!$E$9,0)))) -> 0 | Q31: Yapılmadı | R31: =IF($D31<>"Evet","",IF('1 AYAR'!$C$10="Sayı",MIN(Q31*'1 AYAR'!$D$10,'1 AYAR'!$E$10),IF('1 AYAR'!$C$10="Evet/Hayır",IF(OR(Q31="Var",Q31="Yapıldı",Q31="Evet"),'1 AYAR'!$E$10,0),IF(LEN(Q31)>3,'1 AYAR'!$E$10,0)))) -> 0 | S31: 0 | T31: =IF($D31<>"Evet","",IF('1 AYAR'!$C$11="Sayı",MIN(S31*'1 AYAR'!$D$11,'1 AYAR'!$E$11),IF('1 AYAR'!$C$11="Evet/Hayır",IF(OR(S31="Var",S31="Yapıldı",S31="Evet"),'1 AYAR'!$E$11,0),IF(LEN(S31)>3,'1 AYAR'!$E$11,0)))) -> 0 | U31: 0 | V31: =IF($D31<>"Evet","",IF('1 AYAR'!$C$12="Sayı",MIN(U31*'1 AYAR'!$D$12,'1 AYAR'!$E$12),IF('1 AYAR'!$C$12="Evet/Hayır",IF(OR(U31="Var",U31="Yapıldı",U31="Evet"),'1 AYAR'!$E$12,0),IF(LEN(U31)>3,'1 AYAR'!$E$12,0)))) -> 0 | W31: 3 | X31: =IF($D31<>"Evet","",IF('1 AYAR'!$C$13="Sayı",MIN(W31*'1 AYAR'!$D$13,'1 AYAR'!$E$13),IF('1 AYAR'!$C$13="Evet/Hayır",IF(OR(W31="Var",W31="Yapıldı",W31="Evet"),'1 AYAR'!$E$13,0),IF(LEN(W31)>3,'1 AYAR'!$E$13,0)))) -> 3 | Y31: 0 | Z31: =IF($D31<>"Evet","",IF('1 AYAR'!$C$14="Sayı",MIN(Y31*'1 AYAR'!$D$14,'1 AYAR'!$E$14),IF('1 AYAR'!$C$14="Evet/Hayır",IF(OR(Y31="Var",Y31="Yapıldı",Y31="Evet"),'1 AYAR'!$E$14,0),IF(LEN(Y31)>3,'1 AYAR'!$E$14,0)))) -> 0 | AB31: =IF($D31<>"Evet","",IF('1 AYAR'!$C$15="Sayı",MIN(AA31*'1 AYAR'!$D$15,'1 AYAR'!$E$15),IF('1 AYAR'!$C$15="Evet/Hayır",IF(OR(AA31="Var",AA31="Yapıldı",AA31="Evet"),'1 AYAR'!$E$15,0),IF(LEN(AA31)>3,'1 AYAR'!$E$15,0)))) -> 0 | AC31: =IF($D31<>"Evet","",F31+H31+J31+L31+N31+P31+R31+T31+V31+X31+Z31+AB31) -> 32.5 | AD31: =IF($D31<>"Evet","",IF(AC31>='1 AYAR'!$C$27,"A",IF(AC31>='1 AYAR'!$C$28,"B",IF(AC31>='1 AYAR'!$C$29,"C","D")))) -> D | AE31: =IF($D31<>"Evet","",AC31+ROW()/10000) -> 32.5031
A32: =IF($D32<>"Evet","",RANK(AC32,$AC$6:$AC$44,0)) -> 7 | B32: B3 BOĞAZ HATTI | C32: Ümraniye | D32: Evet | E32: 6 | F32: =IF($D32<>"Evet","",IF('1 AYAR'!$C$4="Sayı",MIN(E32*'1 AYAR'!$D$4,'1 AYAR'!$E$4),IF('1 AYAR'!$C$4="Evet/Hayır",IF(OR(E32="Var",E32="Yapıldı",E32="Evet"),'1 AYAR'!$E$4,0),IF(LEN(E32)>3,'1 AYAR'!$E$4,0)))) -> 6 | G32: 4 | H32: =IF($D32<>"Evet","",IF('1 AYAR'!$C$5="Sayı",MIN(G32*'1 AYAR'!$D$5,'1 AYAR'!$E$5),IF('1 AYAR'!$C$5="Evet/Hayır",IF(OR(G32="Var",G32="Yapıldı",G32="Evet"),'1 AYAR'!$E$5,0),IF(LEN(G32)>3,'1 AYAR'!$E$5,0)))) -> 10 | I32: Var | J32: =IF($D32<>"Evet","",IF('1 AYAR'!$C$6="Sayı",MIN(I32*'1 AYAR'!$D$6,'1 AYAR'!$E$6),IF('1 AYAR'!$C$6="Evet/Hayır",IF(OR(I32="Var",I32="Yapıldı",I32="Evet"),'1 AYAR'!$E$6,0),IF(LEN(I32)>3,'1 AYAR'!$E$6,0)))) -> 5 | K32: 6 | L32: =IF($D32<>"Evet","",IF('1 AYAR'!$C$7="Sayı",MIN(K32*'1 AYAR'!$D$7,'1 AYAR'!$E$7),IF('1 AYAR'!$C$7="Evet/Hayır",IF(OR(K32="Var",K32="Yapıldı",K32="Evet"),'1 AYAR'!$E$7,0),IF(LEN(K32)>3,'1 AYAR'!$E$7,0)))) -> 3 | M32: 1 | N32: =IF($D32<>"Evet","",IF('1 AYAR'!$C$8="Sayı",MIN(M32*'1 AYAR'!$D$8,'1 AYAR'!$E$8),IF('1 AYAR'!$C$8="Evet/Hayır",IF(OR(M32="Var",M32="Yapıldı",M32="Evet"),'1 AYAR'!$E$8,0),IF(LEN(M32)>3,'1 AYAR'!$E$8,0)))) -> 1 | O32: Yapılmadı | P32: =IF($D32<>"Evet","",IF('1 AYAR'!$C$9="Sayı",MIN(O32*'1 AYAR'!$D$9,'1 AYAR'!$E$9),IF('1 AYAR'!$C$9="Evet/Hayır",IF(OR(O32="Var",O32="Yapıldı",O32="Evet"),'1 AYAR'!$E$9,0),IF(LEN(O32)>3,'1 AYAR'!$E$9,0)))) -> 0 | Q32: Yapılmadı | R32: =IF($D32<>"Evet","",IF('1 AYAR'!$C$10="Sayı",MIN(Q32*'1 AYAR'!$D$10,'1 AYAR'!$E$10),IF('1 AYAR'!$C$10="Evet/Hayır",IF(OR(Q32="Var",Q32="Yapıldı",Q32="Evet"),'1 AYAR'!$E$10,0),IF(LEN(Q32)>3,'1 AYAR'!$E$10,0)))) -> 0 | S32: 1 | T32: =IF($D32<>"Evet","",IF('1 AYAR'!$C$11="Sayı",MIN(S32*'1 AYAR'!$D$11,'1 AYAR'!$E$11),IF('1 AYAR'!$C$11="Evet/Hayır",IF(OR(S32="Var",S32="Yapıldı",S32="Evet"),'1 AYAR'!$E$11,0),IF(LEN(S32)>3,'1 AYAR'!$E$11,0)))) -> 1 | U32: 2 | V32: =IF($D32<>"Evet","",IF('1 AYAR'!$C$12="Sayı",MIN(U32*'1 AYAR'!$D$12,'1 AYAR'!$E$12),IF('1 AYAR'!$C$12="Evet/Hayır",IF(OR(U32="Var",U32="Yapıldı",U32="Evet"),'1 AYAR'!$E$12,0),IF(LEN(U32)>3,'1 AYAR'!$E$12,0)))) -> 2 | W32: 2 | X32: =IF($D32<>"Evet","",IF('1 AYAR'!$C$13="Sayı",MIN(W32*'1 AYAR'!$D$13,'1 AYAR'!$E$13),IF('1 AYAR'!$C$13="Evet/Hayır",IF(OR(W32="Var",W32="Yapıldı",W32="Evet"),'1 AYAR'!$E$13,0),IF(LEN(W32)>3,'1 AYAR'!$E$13,0)))) -> 2 | Y32: 0 | Z32: =IF($D32<>"Evet","",IF('1 AYAR'!$C$14="Sayı",MIN(Y32*'1 AYAR'!$D$14,'1 AYAR'!$E$14),IF('1 AYAR'!$C$14="Evet/Hayır",IF(OR(Y32="Var",Y32="Yapıldı",Y32="Evet"),'1 AYAR'!$E$14,0),IF(LEN(Y32)>3,'1 AYAR'!$E$14,0)))) -> 0 | AA32: Perşembe günleri 20.30 genel sohbet | AB32: =IF($D32<>"Evet","",IF('1 AYAR'!$C$15="Sayı",MIN(AA32*'1 AYAR'!$D$15,'1 AYAR'!$E$15),IF('1 AYAR'!$C$15="Evet/Hayır",IF(OR(AA32="Var",AA32="Yapıldı",AA32="Evet"),'1 AYAR'!$E$15,0),IF(LEN(AA32)>3,'1 AYAR'!$E$15,0)))) -> 5 | AC32: =IF($D32<>"Evet","",F32+H32+J32+L32+N32+P32+R32+T32+V32+X32+Z32+AB32) -> 35 | AD32: =IF($D32<>"Evet","",IF(AC32>='1 AYAR'!$C$27,"A",IF(AC32>='1 AYAR'!$C$28,"B",IF(AC32>='1 AYAR'!$C$29,"C","D")))) -> C | AE32: =IF($D32<>"Evet","",AC32+ROW()/10000) -> 35.0032
A33: =IF($D33<>"Evet","",RANK(AC33,$AC$6:$AC$44,0)) | B33: B3 BOĞAZ HATTI | C33: Sancaktepe | D33: Hayır | F33: =IF($D33<>"Evet","",IF('1 AYAR'!$C$4="Sayı",MIN(E33*'1 AYAR'!$D$4,'1 AYAR'!$E$4),IF('1 AYAR'!$C$4="Evet/Hayır",IF(OR(E33="Var",E33="Yapıldı",E33="Evet"),'1 AYAR'!$E$4,0),IF(LEN(E33)>3,'1 AYAR'!$E$4,0)))) | H33: =IF($D33<>"Evet","",IF('1 AYAR'!$C$5="Sayı",MIN(G33*'1 AYAR'!$D$5,'1 AYAR'!$E$5),IF('1 AYAR'!$C$5="Evet/Hayır",IF(OR(G33="Var",G33="Yapıldı",G33="Evet"),'1 AYAR'!$E$5,0),IF(LEN(G33)>3,'1 AYAR'!$E$5,0)))) | J33: =IF($D33<>"Evet","",IF('1 AYAR'!$C$6="Sayı",MIN(I33*'1 AYAR'!$D$6,'1 AYAR'!$E$6),IF('1 AYAR'!$C$6="Evet/Hayır",IF(OR(I33="Var",I33="Yapıldı",I33="Evet"),'1 AYAR'!$E$6,0),IF(LEN(I33)>3,'1 AYAR'!$E$6,0)))) | L33: =IF($D33<>"Evet","",IF('1 AYAR'!$C$7="Sayı",MIN(K33*'1 AYAR'!$D$7,'1 AYAR'!$E$7),IF('1 AYAR'!$C$7="Evet/Hayır",IF(OR(K33="Var",K33="Yapıldı",K33="Evet"),'1 AYAR'!$E$7,0),IF(LEN(K33)>3,'1 AYAR'!$E$7,0)))) | N33: =IF($D33<>"Evet","",IF('1 AYAR'!$C$8="Sayı",MIN(M33*'1 AYAR'!$D$8,'1 AYAR'!$E$8),IF('1 AYAR'!$C$8="Evet/Hayır",IF(OR(M33="Var",M33="Yapıldı",M33="Evet"),'1 AYAR'!$E$8,0),IF(LEN(M33)>3,'1 AYAR'!$E$8,0)))) | P33: =IF($D33<>"Evet","",IF('1 AYAR'!$C$9="Sayı",MIN(O33*'1 AYAR'!$D$9,'1 AYAR'!$E$9),IF('1 AYAR'!$C$9="Evet/Hayır",IF(OR(O33="Var",O33="Yapıldı",O33="Evet"),'1 AYAR'!$E$9,0),IF(LEN(O33)>3,'1 AYAR'!$E$9,0)))) | R33: =IF($D33<>"Evet","",IF('1 AYAR'!$C$10="Sayı",MIN(Q33*'1 AYAR'!$D$10,'1 AYAR'!$E$10),IF('1 AYAR'!$C$10="Evet/Hayır",IF(OR(Q33="Var",Q33="Yapıldı",Q33="Evet"),'1 AYAR'!$E$10,0),IF(LEN(Q33)>3,'1 AYAR'!$E$10,0)))) | T33: =IF($D33<>"Evet","",IF('1 AYAR'!$C$11="Sayı",MIN(S33*'1 AYAR'!$D$11,'1 AYAR'!$E$11),IF('1 AYAR'!$C$11="Evet/Hayır",IF(OR(S33="Var",S33="Yapıldı",S33="Evet"),'1 AYAR'!$E$11,0),IF(LEN(S33)>3,'1 AYAR'!$E$11,0)))) | V33: =IF($D33<>"Evet","",IF('1 AYAR'!$C$12="Sayı",MIN(U33*'1 AYAR'!$D$12,'1 AYAR'!$E$12),IF('1 AYAR'!$C$12="Evet/Hayır",IF(OR(U33="Var",U33="Yapıldı",U33="Evet"),'1 AYAR'!$E$12,0),IF(LEN(U33)>3,'1 AYAR'!$E$12,0)))) | X33: =IF($D33<>"Evet","",IF('1 AYAR'!$C$13="Sayı",MIN(W33*'1 AYAR'!$D$13,'1 AYAR'!$E$13),IF('1 AYAR'!$C$13="Evet/Hayır",IF(OR(W33="Var",W33="Yapıldı",W33="Evet"),'1 AYAR'!$E$13,0),IF(LEN(W33)>3,'1 AYAR'!$E$13,0)))) | Z33: =IF($D33<>"Evet","",IF('1 AYAR'!$C$14="Sayı",MIN(Y33*'1 AYAR'!$D$14,'1 AYAR'!$E$14),IF('1 AYAR'!$C$14="Evet/Hayır",IF(OR(Y33="Var",Y33="Yapıldı",Y33="Evet"),'1 AYAR'!$E$14,0),IF(LEN(Y33)>3,'1 AYAR'!$E$14,0)))) | AB33: =IF($D33<>"Evet","",IF('1 AYAR'!$C$15="Sayı",MIN(AA33*'1 AYAR'!$D$15,'1 AYAR'!$E$15),IF('1 AYAR'!$C$15="Evet/Hayır",IF(OR(AA33="Var",AA33="Yapıldı",AA33="Evet"),'1 AYAR'!$E$15,0),IF(LEN(AA33)>3,'1 AYAR'!$E$15,0)))) | AC33: =IF($D33<>"Evet","",F33+H33+J33+L33+N33+P33+R33+T33+V33+X33+Z33+AB33) | AD33: =IF($D33<>"Evet","",IF(AC33>='1 AYAR'!$C$27,"A",IF(AC33>='1 AYAR'!$C$28,"B",IF(AC33>='1 AYAR'!$C$29,"C","D")))) | AE33: =IF($D33<>"Evet","",AC33+ROW()/10000)
A34: =IF($D34<>"Evet","",RANK(AC34,$AC$6:$AC$44,0)) | B34: B3 BOĞAZ HATTI | C34: Çekmeköy | D34: Hayır | F34: =IF($D34<>"Evet","",IF('1 AYAR'!$C$4="Sayı",MIN(E34*'1 AYAR'!$D$4,'1 AYAR'!$E$4),IF('1 AYAR'!$C$4="Evet/Hayır",IF(OR(E34="Var",E34="Yapıldı",E34="Evet"),'1 AYAR'!$E$4,0),IF(LEN(E34)>3,'1 AYAR'!$E$4,0)))) | H34: =IF($D34<>"Evet","",IF('1 AYAR'!$C$5="Sayı",MIN(G34*'1 AYAR'!$D$5,'1 AYAR'!$E$5),IF('1 AYAR'!$C$5="Evet/Hayır",IF(OR(G34="Var",G34="Yapıldı",G34="Evet"),'1 AYAR'!$E$5,0),IF(LEN(G34)>3,'1 AYAR'!$E$5,0)))) | J34: =IF($D34<>"Evet","",IF('1 AYAR'!$C$6="Sayı",MIN(I34*'1 AYAR'!$D$6,'1 AYAR'!$E$6),IF('1 AYAR'!$C$6="Evet/Hayır",IF(OR(I34="Var",I34="Yapıldı",I34="Evet"),'1 AYAR'!$E$6,0),IF(LEN(I34)>3,'1 AYAR'!$E$6,0)))) | L34: =IF($D34<>"Evet","",IF('1 AYAR'!$C$7="Sayı",MIN(K34*'1 AYAR'!$D$7,'1 AYAR'!$E$7),IF('1 AYAR'!$C$7="Evet/Hayır",IF(OR(K34="Var",K34="Yapıldı",K34="Evet"),'1 AYAR'!$E$7,0),IF(LEN(K34)>3,'1 AYAR'!$E$7,0)))) | N34: =IF($D34<>"Evet","",IF('1 AYAR'!$C$8="Sayı",MIN(M34*'1 AYAR'!$D$8,'1 AYAR'!$E$8),IF('1 AYAR'!$C$8="Evet/Hayır",IF(OR(M34="Var",M34="Yapıldı",M34="Evet"),'1 AYAR'!$E$8,0),IF(LEN(M34)>3,'1 AYAR'!$E$8,0)))) | P34: =IF($D34<>"Evet","",IF('1 AYAR'!$C$9="Sayı",MIN(O34*'1 AYAR'!$D$9,'1 AYAR'!$E$9),IF('1 AYAR'!$C$9="Evet/Hayır",IF(OR(O34="Var",O34="Yapıldı",O34="Evet"),'1 AYAR'!$E$9,0),IF(LEN(O34)>3,'1 AYAR'!$E$9,0)))) | R34: =IF($D34<>"Evet","",IF('1 AYAR'!$C$10="Sayı",MIN(Q34*'1 AYAR'!$D$10,'1 AYAR'!$E$10),IF('1 AYAR'!$C$10="Evet/Hayır",IF(OR(Q34="Var",Q34="Yapıldı",Q34="Evet"),'1 AYAR'!$E$10,0),IF(LEN(Q34)>3,'1 AYAR'!$E$10,0)))) | T34: =IF($D34<>"Evet","",IF('1 AYAR'!$C$11="Sayı",MIN(S34*'1 AYAR'!$D$11,'1 AYAR'!$E$11),IF('1 AYAR'!$C$11="Evet/Hayır",IF(OR(S34="Var",S34="Yapıldı",S34="Evet"),'1 AYAR'!$E$11,0),IF(LEN(S34)>3,'1 AYAR'!$E$11,0)))) | V34: =IF($D34<>"Evet","",IF('1 AYAR'!$C$12="Sayı",MIN(U34*'1 AYAR'!$D$12,'1 AYAR'!$E$12),IF('1 AYAR'!$C$12="Evet/Hayır",IF(OR(U34="Var",U34="Yapıldı",U34="Evet"),'1 AYAR'!$E$12,0),IF(LEN(U34)>3,'1 AYAR'!$E$12,0)))) | X34: =IF($D34<>"Evet","",IF('1 AYAR'!$C$13="Sayı",MIN(W34*'1 AYAR'!$D$13,'1 AYAR'!$E$13),IF('1 AYAR'!$C$13="Evet/Hayır",IF(OR(W34="Var",W34="Yapıldı",W34="Evet"),'1 AYAR'!$E$13,0),IF(LEN(W34)>3,'1 AYAR'!$E$13,0)))) | Z34: =IF($D34<>"Evet","",IF('1 AYAR'!$C$14="Sayı",MIN(Y34*'1 AYAR'!$D$14,'1 AYAR'!$E$14),IF('1 AYAR'!$C$14="Evet/Hayır",IF(OR(Y34="Var",Y34="Yapıldı",Y34="Evet"),'1 AYAR'!$E$14,0),IF(LEN(Y34)>3,'1 AYAR'!$E$14,0)))) | AB34: =IF($D34<>"Evet","",IF('1 AYAR'!$C$15="Sayı",MIN(AA34*'1 AYAR'!$D$15,'1 AYAR'!$E$15),IF('1 AYAR'!$C$15="Evet/Hayır",IF(OR(AA34="Var",AA34="Yapıldı",AA34="Evet"),'1 AYAR'!$E$15,0),IF(LEN(AA34)>3,'1 AYAR'!$E$15,0)))) | AC34: =IF($D34<>"Evet","",F34+H34+J34+L34+N34+P34+R34+T34+V34+X34+Z34+AB34) | AD34: =IF($D34<>"Evet","",IF(AC34>='1 AYAR'!$C$27,"A",IF(AC34>='1 AYAR'!$C$28,"B",IF(AC34>='1 AYAR'!$C$29,"C","D")))) | AE34: =IF($D34<>"Evet","",AC34+ROW()/10000)
A35: =IF($D35<>"Evet","",RANK(AC35,$AC$6:$AC$44,0)) | B35: B3 BOĞAZ HATTI | C35: Ataşehir | D35: Hayır | F35: =IF($D35<>"Evet","",IF('1 AYAR'!$C$4="Sayı",MIN(E35*'1 AYAR'!$D$4,'1 AYAR'!$E$4),IF('1 AYAR'!$C$4="Evet/Hayır",IF(OR(E35="Var",E35="Yapıldı",E35="Evet"),'1 AYAR'!$E$4,0),IF(LEN(E35)>3,'1 AYAR'!$E$4,0)))) | H35: =IF($D35<>"Evet","",IF('1 AYAR'!$C$5="Sayı",MIN(G35*'1 AYAR'!$D$5,'1 AYAR'!$E$5),IF('1 AYAR'!$C$5="Evet/Hayır",IF(OR(G35="Var",G35="Yapıldı",G35="Evet"),'1 AYAR'!$E$5,0),IF(LEN(G35)>3,'1 AYAR'!$E$5,0)))) | J35: =IF($D35<>"Evet","",IF('1 AYAR'!$C$6="Sayı",MIN(I35*'1 AYAR'!$D$6,'1 AYAR'!$E$6),IF('1 AYAR'!$C$6="Evet/Hayır",IF(OR(I35="Var",I35="Yapıldı",I35="Evet"),'1 AYAR'!$E$6,0),IF(LEN(I35)>3,'1 AYAR'!$E$6,0)))) | L35: =IF($D35<>"Evet","",IF('1 AYAR'!$C$7="Sayı",MIN(K35*'1 AYAR'!$D$7,'1 AYAR'!$E$7),IF('1 AYAR'!$C$7="Evet/Hayır",IF(OR(K35="Var",K35="Yapıldı",K35="Evet"),'1 AYAR'!$E$7,0),IF(LEN(K35)>3,'1 AYAR'!$E$7,0)))) | N35: =IF($D35<>"Evet","",IF('1 AYAR'!$C$8="Sayı",MIN(M35*'1 AYAR'!$D$8,'1 AYAR'!$E$8),IF('1 AYAR'!$C$8="Evet/Hayır",IF(OR(M35="Var",M35="Yapıldı",M35="Evet"),'1 AYAR'!$E$8,0),IF(LEN(M35)>3,'1 AYAR'!$E$8,0)))) | P35: =IF($D35<>"Evet","",IF('1 AYAR'!$C$9="Sayı",MIN(O35*'1 AYAR'!$D$9,'1 AYAR'!$E$9),IF('1 AYAR'!$C$9="Evet/Hayır",IF(OR(O35="Var",O35="Yapıldı",O35="Evet"),'1 AYAR'!$E$9,0),IF(LEN(O35)>3,'1 AYAR'!$E$9,0)))) | R35: =IF($D35<>"Evet","",IF('1 AYAR'!$C$10="Sayı",MIN(Q35*'1 AYAR'!$D$10,'1 AYAR'!$E$10),IF('1 AYAR'!$C$10="Evet/Hayır",IF(OR(Q35="Var",Q35="Yapıldı",Q35="Evet"),'1 AYAR'!$E$10,0),IF(LEN(Q35)>3,'1 AYAR'!$E$10,0)))) | T35: =IF($D35<>"Evet","",IF('1 AYAR'!$C$11="Sayı",MIN(S35*'1 AYAR'!$D$11,'1 AYAR'!$E$11),IF('1 AYAR'!$C$11="Evet/Hayır",IF(OR(S35="Var",S35="Yapıldı",S35="Evet"),'1 AYAR'!$E$11,0),IF(LEN(S35)>3,'1 AYAR'!$E$11,0)))) | V35: =IF($D35<>"Evet","",IF('1 AYAR'!$C$12="Sayı",MIN(U35*'1 AYAR'!$D$12,'1 AYAR'!$E$12),IF('1 AYAR'!$C$12="Evet/Hayır",IF(OR(U35="Var",U35="Yapıldı",U35="Evet"),'1 AYAR'!$E$12,0),IF(LEN(U35)>3,'1 AYAR'!$E$12,0)))) | X35: =IF($D35<>"Evet","",IF('1 AYAR'!$C$13="Sayı",MIN(W35*'1 AYAR'!$D$13,'1 AYAR'!$E$13),IF('1 AYAR'!$C$13="Evet/Hayır",IF(OR(W35="Var",W35="Yapıldı",W35="Evet"),'1 AYAR'!$E$13,0),IF(LEN(W35)>3,'1 AYAR'!$E$13,0)))) | Z35: =IF($D35<>"Evet","",IF('1 AYAR'!$C$14="Sayı",MIN(Y35*'1 AYAR'!$D$14,'1 AYAR'!$E$14),IF('1 AYAR'!$C$14="Evet/Hayır",IF(OR(Y35="Var",Y35="Yapıldı",Y35="Evet"),'1 AYAR'!$E$14,0),IF(LEN(Y35)>3,'1 AYAR'!$E$14,0)))) | AB35: =IF($D35<>"Evet","",IF('1 AYAR'!$C$15="Sayı",MIN(AA35*'1 AYAR'!$D$15,'1 AYAR'!$E$15),IF('1 AYAR'!$C$15="Evet/Hayır",IF(OR(AA35="Var",AA35="Yapıldı",AA35="Evet"),'1 AYAR'!$E$15,0),IF(LEN(AA35)>3,'1 AYAR'!$E$15,0)))) | AC35: =IF($D35<>"Evet","",F35+H35+J35+L35+N35+P35+R35+T35+V35+X35+Z35+AB35) | AD35: =IF($D35<>"Evet","",IF(AC35>='1 AYAR'!$C$27,"A",IF(AC35>='1 AYAR'!$C$28,"B",IF(AC35>='1 AYAR'!$C$29,"C","D")))) | AE35: =IF($D35<>"Evet","",AC35+ROW()/10000)
A36: =IF($D36<>"Evet","",RANK(AC36,$AC$6:$AC$44,0)) | B36: B3 BOĞAZ HATTI | C36: Beykoz | D36: Hayır | F36: =IF($D36<>"Evet","",IF('1 AYAR'!$C$4="Sayı",MIN(E36*'1 AYAR'!$D$4,'1 AYAR'!$E$4),IF('1 AYAR'!$C$4="Evet/Hayır",IF(OR(E36="Var",E36="Yapıldı",E36="Evet"),'1 AYAR'!$E$4,0),IF(LEN(E36)>3,'1 AYAR'!$E$4,0)))) | H36: =IF($D36<>"Evet","",IF('1 AYAR'!$C$5="Sayı",MIN(G36*'1 AYAR'!$D$5,'1 AYAR'!$E$5),IF('1 AYAR'!$C$5="Evet/Hayır",IF(OR(G36="Var",G36="Yapıldı",G36="Evet"),'1 AYAR'!$E$5,0),IF(LEN(G36)>3,'1 AYAR'!$E$5,0)))) | J36: =IF($D36<>"Evet","",IF('1 AYAR'!$C$6="Sayı",MIN(I36*'1 AYAR'!$D$6,'1 AYAR'!$E$6),IF('1 AYAR'!$C$6="Evet/Hayır",IF(OR(I36="Var",I36="Yapıldı",I36="Evet"),'1 AYAR'!$E$6,0),IF(LEN(I36)>3,'1 AYAR'!$E$6,0)))) | L36: =IF($D36<>"Evet","",IF('1 AYAR'!$C$7="Sayı",MIN(K36*'1 AYAR'!$D$7,'1 AYAR'!$E$7),IF('1 AYAR'!$C$7="Evet/Hayır",IF(OR(K36="Var",K36="Yapıldı",K36="Evet"),'1 AYAR'!$E$7,0),IF(LEN(K36)>3,'1 AYAR'!$E$7,0)))) | N36: =IF($D36<>"Evet","",IF('1 AYAR'!$C$8="Sayı",MIN(M36*'1 AYAR'!$D$8,'1 AYAR'!$E$8),IF('1 AYAR'!$C$8="Evet/Hayır",IF(OR(M36="Var",M36="Yapıldı",M36="Evet"),'1 AYAR'!$E$8,0),IF(LEN(M36)>3,'1 AYAR'!$E$8,0)))) | P36: =IF($D36<>"Evet","",IF('1 AYAR'!$C$9="Sayı",MIN(O36*'1 AYAR'!$D$9,'1 AYAR'!$E$9),IF('1 AYAR'!$C$9="Evet/Hayır",IF(OR(O36="Var",O36="Yapıldı",O36="Evet"),'1 AYAR'!$E$9,0),IF(LEN(O36)>3,'1 AYAR'!$E$9,0)))) | R36: =IF($D36<>"Evet","",IF('1 AYAR'!$C$10="Sayı",MIN(Q36*'1 AYAR'!$D$10,'1 AYAR'!$E$10),IF('1 AYAR'!$C$10="Evet/Hayır",IF(OR(Q36="Var",Q36="Yapıldı",Q36="Evet"),'1 AYAR'!$E$10,0),IF(LEN(Q36)>3,'1 AYAR'!$E$10,0)))) | T36: =IF($D36<>"Evet","",IF('1 AYAR'!$C$11="Sayı",MIN(S36*'1 AYAR'!$D$11,'1 AYAR'!$E$11),IF('1 AYAR'!$C$11="Evet/Hayır",IF(OR(S36="Var",S36="Yapıldı",S36="Evet"),'1 AYAR'!$E$11,0),IF(LEN(S36)>3,'1 AYAR'!$E$11,0)))) | V36: =IF($D36<>"Evet","",IF('1 AYAR'!$C$12="Sayı",MIN(U36*'1 AYAR'!$D$12,'1 AYAR'!$E$12),IF('1 AYAR'!$C$12="Evet/Hayır",IF(OR(U36="Var",U36="Yapıldı",U36="Evet"),'1 AYAR'!$E$12,0),IF(LEN(U36)>3,'1 AYAR'!$E$12,0)))) | X36: =IF($D36<>"Evet","",IF('1 AYAR'!$C$13="Sayı",MIN(W36*'1 AYAR'!$D$13,'1 AYAR'!$E$13),IF('1 AYAR'!$C$13="Evet/Hayır",IF(OR(W36="Var",W36="Yapıldı",W36="Evet"),'1 AYAR'!$E$13,0),IF(LEN(W36)>3,'1 AYAR'!$E$13,0)))) | Z36: =IF($D36<>"Evet","",IF('1 AYAR'!$C$14="Sayı",MIN(Y36*'1 AYAR'!$D$14,'1 AYAR'!$E$14),IF('1 AYAR'!$C$14="Evet/Hayır",IF(OR(Y36="Var",Y36="Yapıldı",Y36="Evet"),'1 AYAR'!$E$14,0),IF(LEN(Y36)>3,'1 AYAR'!$E$14,0)))) | AB36: =IF($D36<>"Evet","",IF('1 AYAR'!$C$15="Sayı",MIN(AA36*'1 AYAR'!$D$15,'1 AYAR'!$E$15),IF('1 AYAR'!$C$15="Evet/Hayır",IF(OR(AA36="Var",AA36="Yapıldı",AA36="Evet"),'1 AYAR'!$E$15,0),IF(LEN(AA36)>3,'1 AYAR'!$E$15,0)))) | AC36: =IF($D36<>"Evet","",F36+H36+J36+L36+N36+P36+R36+T36+V36+X36+Z36+AB36) | AD36: =IF($D36<>"Evet","",IF(AC36>='1 AYAR'!$C$27,"A",IF(AC36>='1 AYAR'!$C$28,"B",IF(AC36>='1 AYAR'!$C$29,"C","D")))) | AE36: =IF($D36<>"Evet","",AC36+ROW()/10000)
A37: =IF($D37<>"Evet","",RANK(AC37,$AC$6:$AC$44,0)) -> 4 | B37: B4 MARMARA HATTI | C37: Kadıköy | D37: Evet | E37: 9 | F37: =IF($D37<>"Evet","",IF('1 AYAR'!$C$4="Sayı",MIN(E37*'1 AYAR'!$D$4,'1 AYAR'!$E$4),IF('1 AYAR'!$C$4="Evet/Hayır",IF(OR(E37="Var",E37="Yapıldı",E37="Evet"),'1 AYAR'!$E$4,0),IF(LEN(E37)>3,'1 AYAR'!$E$4,0)))) -> 9 | G37: 4 | H37: =IF($D37<>"Evet","",IF('1 AYAR'!$C$5="Sayı",MIN(G37*'1 AYAR'!$D$5,'1 AYAR'!$E$5),IF('1 AYAR'!$C$5="Evet/Hayır",IF(OR(G37="Var",G37="Yapıldı",G37="Evet"),'1 AYAR'!$E$5,0),IF(LEN(G37)>3,'1 AYAR'!$E$5,0)))) -> 10 | I37: Var | J37: =IF($D37<>"Evet","",IF('1 AYAR'!$C$6="Sayı",MIN(I37*'1 AYAR'!$D$6,'1 AYAR'!$E$6),IF('1 AYAR'!$C$6="Evet/Hayır",IF(OR(I37="Var",I37="Yapıldı",I37="Evet"),'1 AYAR'!$E$6,0),IF(LEN(I37)>3,'1 AYAR'!$E$6,0)))) -> 5 | K37: 1 | L37: =IF($D37<>"Evet","",IF('1 AYAR'!$C$7="Sayı",MIN(K37*'1 AYAR'!$D$7,'1 AYAR'!$E$7),IF('1 AYAR'!$C$7="Evet/Hayır",IF(OR(K37="Var",K37="Yapıldı",K37="Evet"),'1 AYAR'!$E$7,0),IF(LEN(K37)>3,'1 AYAR'!$E$7,0)))) -> 0.5 | M37: 0 | N37: =IF($D37<>"Evet","",IF('1 AYAR'!$C$8="Sayı",MIN(M37*'1 AYAR'!$D$8,'1 AYAR'!$E$8),IF('1 AYAR'!$C$8="Evet/Hayır",IF(OR(M37="Var",M37="Yapıldı",M37="Evet"),'1 AYAR'!$E$8,0),IF(LEN(M37)>3,'1 AYAR'!$E$8,0)))) -> 0 | O37: Yapılmadı | P37: =IF($D37<>"Evet","",IF('1 AYAR'!$C$9="Sayı",MIN(O37*'1 AYAR'!$D$9,'1 AYAR'!$E$9),IF('1 AYAR'!$C$9="Evet/Hayır",IF(OR(O37="Var",O37="Yapıldı",O37="Evet"),'1 AYAR'!$E$9,0),IF(LEN(O37)>3,'1 AYAR'!$E$9,0)))) -> 0 | Q37: Yapıldı | R37: =IF($D37<>"Evet","",IF('1 AYAR'!$C$10="Sayı",MIN(Q37*'1 AYAR'!$D$10,'1 AYAR'!$E$10),IF('1 AYAR'!$C$10="Evet/Hayır",IF(OR(Q37="Var",Q37="Yapıldı",Q37="Evet"),'1 AYAR'!$E$10,0),IF(LEN(Q37)>3,'1 AYAR'!$E$10,0)))) -> 10 | S37: 0 | T37: =IF($D37<>"Evet","",IF('1 AYAR'!$C$11="Sayı",MIN(S37*'1 AYAR'!$D$11,'1 AYAR'!$E$11),IF('1 AYAR'!$C$11="Evet/Hayır",IF(OR(S37="Var",S37="Yapıldı",S37="Evet"),'1 AYAR'!$E$11,0),IF(LEN(S37)>3,'1 AYAR'!$E$11,0)))) -> 0 | U37: 0 | V37: =IF($D37<>"Evet","",IF('1 AYAR'!$C$12="Sayı",MIN(U37*'1 AYAR'!$D$12,'1 AYAR'!$E$12),IF('1 AYAR'!$C$12="Evet/Hayır",IF(OR(U37="Var",U37="Yapıldı",U37="Evet"),'1 AYAR'!$E$12,0),IF(LEN(U37)>3,'1 AYAR'!$E$12,0)))) -> 0 | W37: 2 | X37: =IF($D37<>"Evet","",IF('1 AYAR'!$C$13="Sayı",MIN(W37*'1 AYAR'!$D$13,'1 AYAR'!$E$13),IF('1 AYAR'!$C$13="Evet/Hayır",IF(OR(W37="Var",W37="Yapıldı",W37="Evet"),'1 AYAR'!$E$13,0),IF(LEN(W37)>3,'1 AYAR'!$E$13,0)))) -> 2 | Y37: 0 | Z37: =IF($D37<>"Evet","",IF('1 AYAR'!$C$14="Sayı",MIN(Y37*'1 AYAR'!$D$14,'1 AYAR'!$E$14),IF('1 AYAR'!$C$14="Evet/Hayır",IF(OR(Y37="Var",Y37="Yapıldı",Y37="Evet"),'1 AYAR'!$E$14,0),IF(LEN(Y37)>3,'1 AYAR'!$E$14,0)))) -> 0 | AA37: Cuma günleri lise ve üniversite öğrencilerine kelam sohbetleri | AB37: =IF($D37<>"Evet","",IF('1 AYAR'!$C$15="Sayı",MIN(AA37*'1 AYAR'!$D$15,'1 AYAR'!$E$15),IF('1 AYAR'!$C$15="Evet/Hayır",IF(OR(AA37="Var",AA37="Yapıldı",AA37="Evet"),'1 AYAR'!$E$15,0),IF(LEN(AA37)>3,'1 AYAR'!$E$15,0)))) -> 5 | AC37: =IF($D37<>"Evet","",F37+H37+J37+L37+N37+P37+R37+T37+V37+X37+Z37+AB37) -> 41.5 | AD37: =IF($D37<>"Evet","",IF(AC37>='1 AYAR'!$C$27,"A",IF(AC37>='1 AYAR'!$C$28,"B",IF(AC37>='1 AYAR'!$C$29,"C","D")))) -> C | AE37: =IF($D37<>"Evet","",AC37+ROW()/10000) -> 41.5037
A38: =IF($D38<>"Evet","",RANK(AC38,$AC$6:$AC$44,0)) -> 3 | B38: B4 MARMARA HATTI | C38: Kartal | D38: Evet | E38: 11 | F38: =IF($D38<>"Evet","",IF('1 AYAR'!$C$4="Sayı",MIN(E38*'1 AYAR'!$D$4,'1 AYAR'!$E$4),IF('1 AYAR'!$C$4="Evet/Hayır",IF(OR(E38="Var",E38="Yapıldı",E38="Evet"),'1 AYAR'!$E$4,0),IF(LEN(E38)>3,'1 AYAR'!$E$4,0)))) -> 11 | G38: 4 | H38: =IF($D38<>"Evet","",IF('1 AYAR'!$C$5="Sayı",MIN(G38*'1 AYAR'!$D$5,'1 AYAR'!$E$5),IF('1 AYAR'!$C$5="Evet/Hayır",IF(OR(G38="Var",G38="Yapıldı",G38="Evet"),'1 AYAR'!$E$5,0),IF(LEN(G38)>3,'1 AYAR'!$E$5,0)))) -> 10 | I38: Var | J38: =IF($D38<>"Evet","",IF('1 AYAR'!$C$6="Sayı",MIN(I38*'1 AYAR'!$D$6,'1 AYAR'!$E$6),IF('1 AYAR'!$C$6="Evet/Hayır",IF(OR(I38="Var",I38="Yapıldı",I38="Evet"),'1 AYAR'!$E$6,0),IF(LEN(I38)>3,'1 AYAR'!$E$6,0)))) -> 5 | K38: 1 | L38: =IF($D38<>"Evet","",IF('1 AYAR'!$C$7="Sayı",MIN(K38*'1 AYAR'!$D$7,'1 AYAR'!$E$7),IF('1 AYAR'!$C$7="Evet/Hayır",IF(OR(K38="Var",K38="Yapıldı",K38="Evet"),'1 AYAR'!$E$7,0),IF(LEN(K38)>3,'1 AYAR'!$E$7,0)))) -> 0.5 | M38: 1 | N38: =IF($D38<>"Evet","",IF('1 AYAR'!$C$8="Sayı",MIN(M38*'1 AYAR'!$D$8,'1 AYAR'!$E$8),IF('1 AYAR'!$C$8="Evet/Hayır",IF(OR(M38="Var",M38="Yapıldı",M38="Evet"),'1 AYAR'!$E$8,0),IF(LEN(M38)>3,'1 AYAR'!$E$8,0)))) -> 1 | O38: Yapılmadı | P38: =IF($D38<>"Evet","",IF('1 AYAR'!$C$9="Sayı",MIN(O38*'1 AYAR'!$D$9,'1 AYAR'!$E$9),IF('1 AYAR'!$C$9="Evet/Hayır",IF(OR(O38="Var",O38="Yapıldı",O38="Evet"),'1 AYAR'!$E$9,0),IF(LEN(O38)>3,'1 AYAR'!$E$9,0)))) -> 0 | Q38: Yapıldı | R38: =IF($D38<>"Evet","",IF('1 AYAR'!$C$10="Sayı",MIN(Q38*'1 AYAR'!$D$10,'1 AYAR'!$E$10),IF('1 AYAR'!$C$10="Evet/Hayır",IF(OR(Q38="Var",Q38="Yapıldı",Q38="Evet"),'1 AYAR'!$E$10,0),IF(LEN(Q38)>3,'1 AYAR'!$E$10,0)))) -> 10 | S38: 1 | T38: =IF($D38<>"Evet","",IF('1 AYAR'!$C$11="Sayı",MIN(S38*'1 AYAR'!$D$11,'1 AYAR'!$E$11),IF('1 AYAR'!$C$11="Evet/Hayır",IF(OR(S38="Var",S38="Yapıldı",S38="Evet"),'1 AYAR'!$E$11,0),IF(LEN(S38)>3,'1 AYAR'!$E$11,0)))) -> 1 | U38: 2 | V38: =IF($D38<>"Evet","",IF('1 AYAR'!$C$12="Sayı",MIN(U38*'1 AYAR'!$D$12,'1 AYAR'!$E$12),IF('1 AYAR'!$C$12="Evet/Hayır",IF(OR(U38="Var",U38="Yapıldı",U38="Evet"),'1 AYAR'!$E$12,0),IF(LEN(U38)>3,'1 AYAR'!$E$12,0)))) -> 2 | W38: 0 | X38: =IF($D38<>"Evet","",IF('1 AYAR'!$C$13="Sayı",MIN(W38*'1 AYAR'!$D$13,'1 AYAR'!$E$13),IF('1 AYAR'!$C$13="Evet/Hayır",IF(OR(W38="Var",W38="Yapıldı",W38="Evet"),'1 AYAR'!$E$13,0),IF(LEN(W38)>3,'1 AYAR'!$E$13,0)))) -> 0 | Y38: 1 | Z38: =IF($D38<>"Evet","",IF('1 AYAR'!$C$14="Sayı",MIN(Y38*'1 AYAR'!$D$14,'1 AYAR'!$E$14),IF('1 AYAR'!$C$14="Evet/Hayır",IF(OR(Y38="Var",Y38="Yapıldı",Y38="Evet"),'1 AYAR'!$E$14,0),IF(LEN(Y38)>3,'1 AYAR'!$E$14,0)))) -> 1 | AA38: Baba-Oğul Etkinlikleri | AB38: =IF($D38<>"Evet","",IF('1 AYAR'!$C$15="Sayı",MIN(AA38*'1 AYAR'!$D$15,'1 AYAR'!$E$15),IF('1 AYAR'!$C$15="Evet/Hayır",IF(OR(AA38="Var",AA38="Yapıldı",AA38="Evet"),'1 AYAR'!$E$15,0),IF(LEN(AA38)>3,'1 AYAR'!$E$15,0)))) -> 5 | AC38: =IF($D38<>"Evet","",F38+H38+J38+L38+N38+P38+R38+T38+V38+X38+Z38+AB38) -> 46.5 | AD38: =IF($D38<>"Evet","",IF(AC38>='1 AYAR'!$C$27,"A",IF(AC38>='1 AYAR'!$C$28,"B",IF(AC38>='1 AYAR'!$C$29,"C","D")))) -> C | AE38: =IF($D38<>"Evet","",AC38+ROW()/10000) -> 46.5038
A39: =IF($D39<>"Evet","",RANK(AC39,$AC$6:$AC$44,0)) -> 9 | B39: B4 MARMARA HATTI | C39: Pendik | D39: Evet | E39: 11 | F39: =IF($D39<>"Evet","",IF('1 AYAR'!$C$4="Sayı",MIN(E39*'1 AYAR'!$D$4,'1 AYAR'!$E$4),IF('1 AYAR'!$C$4="Evet/Hayır",IF(OR(E39="Var",E39="Yapıldı",E39="Evet"),'1 AYAR'!$E$4,0),IF(LEN(E39)>3,'1 AYAR'!$E$4,0)))) -> 11 | G39: 3 | H39: =IF($D39<>"Evet","",IF('1 AYAR'!$C$5="Sayı",MIN(G39*'1 AYAR'!$D$5,'1 AYAR'!$E$5),IF('1 AYAR'!$C$5="Evet/Hayır",IF(OR(G39="Var",G39="Yapıldı",G39="Evet"),'1 AYAR'!$E$5,0),IF(LEN(G39)>3,'1 AYAR'!$E$5,0)))) -> 7.5 | I39: Var | J39: =IF($D39<>"Evet","",IF('1 AYAR'!$C$6="Sayı",MIN(I39*'1 AYAR'!$D$6,'1 AYAR'!$E$6),IF('1 AYAR'!$C$6="Evet/Hayır",IF(OR(I39="Var",I39="Yapıldı",I39="Evet"),'1 AYAR'!$E$6,0),IF(LEN(I39)>3,'1 AYAR'!$E$6,0)))) -> 5 | K39: 11 | L39: =IF($D39<>"Evet","",IF('1 AYAR'!$C$7="Sayı",MIN(K39*'1 AYAR'!$D$7,'1 AYAR'!$E$7),IF('1 AYAR'!$C$7="Evet/Hayır",IF(OR(K39="Var",K39="Yapıldı",K39="Evet"),'1 AYAR'!$E$7,0),IF(LEN(K39)>3,'1 AYAR'!$E$7,0)))) -> 5.5 | M39: 0 | N39: =IF($D39<>"Evet","",IF('1 AYAR'!$C$8="Sayı",MIN(M39*'1 AYAR'!$D$8,'1 AYAR'!$E$8),IF('1 AYAR'!$C$8="Evet/Hayır",IF(OR(M39="Var",M39="Yapıldı",M39="Evet"),'1 AYAR'!$E$8,0),IF(LEN(M39)>3,'1 AYAR'!$E$8,0)))) -> 0 | O39: Yapılmadı | P39: =IF($D39<>"Evet","",IF('1 AYAR'!$C$9="Sayı",MIN(O39*'1 AYAR'!$D$9,'1 AYAR'!$E$9),IF('1 AYAR'!$C$9="Evet/Hayır",IF(OR(O39="Var",O39="Yapıldı",O39="Evet"),'1 AYAR'!$E$9,0),IF(LEN(O39)>3,'1 AYAR'!$E$9,0)))) -> 0 | Q39: Yapılmadı | R39: =IF($D39<>"Evet","",IF('1 AYAR'!$C$10="Sayı",MIN(Q39*'1 AYAR'!$D$10,'1 AYAR'!$E$10),IF('1 AYAR'!$C$10="Evet/Hayır",IF(OR(Q39="Var",Q39="Yapıldı",Q39="Evet"),'1 AYAR'!$E$10,0),IF(LEN(Q39)>3,'1 AYAR'!$E$10,0)))) -> 0 | S39: 1 | T39: =IF($D39<>"Evet","",IF('1 AYAR'!$C$11="Sayı",MIN(S39*'1 AYAR'!$D$11,'1 AYAR'!$E$11),IF('1 AYAR'!$C$11="Evet/Hayır",IF(OR(S39="Var",S39="Yapıldı",S39="Evet"),'1 AYAR'!$E$11,0),IF(LEN(S39)>3,'1 AYAR'!$E$11,0)))) -> 1 | U39: 0 | V39: =IF($D39<>"Evet","",IF('1 AYAR'!$C$12="Sayı",MIN(U39*'1 AYAR'!$D$12,'1 AYAR'!$E$12),IF('1 AYAR'!$C$12="Evet/Hayır",IF(OR(U39="Var",U39="Yapıldı",U39="Evet"),'1 AYAR'!$E$12,0),IF(LEN(U39)>3,'1 AYAR'!$E$12,0)))) -> 0 | W39: 0 | X39: =IF($D39<>"Evet","",IF('1 AYAR'!$C$13="Sayı",MIN(W39*'1 AYAR'!$D$13,'1 AYAR'!$E$13),IF('1 AYAR'!$C$13="Evet/Hayır",IF(OR(W39="Var",W39="Yapıldı",W39="Evet"),'1 AYAR'!$E$13,0),IF(LEN(W39)>3,'1 AYAR'!$E$13,0)))) -> 0 | Y39: 0 | Z39: =IF($D39<>"Evet","",IF('1 AYAR'!$C$14="Sayı",MIN(Y39*'1 AYAR'!$D$14,'1 AYAR'!$E$14),IF('1 AYAR'!$C$14="Evet/Hayır",IF(OR(Y39="Var",Y39="Yapıldı",Y39="Evet"),'1 AYAR'!$E$14,0),IF(LEN(Y39)>3,'1 AYAR'!$E$14,0)))) -> 0 | AB39: =IF($D39<>"Evet","",IF('1 AYAR'!$C$15="Sayı",MIN(AA39*'1 AYAR'!$D$15,'1 AYAR'!$E$15),IF('1 AYAR'!$C$15="Evet/Hayır",IF(OR(AA39="Var",AA39="Yapıldı",AA39="Evet"),'1 AYAR'!$E$15,0),IF(LEN(AA39)>3,'1 AYAR'!$E$15,0)))) -> 0 | AC39: =IF($D39<>"Evet","",F39+H39+J39+L39+N39+P39+R39+T39+V39+X39+Z39+AB39) -> 30 | AD39: =IF($D39<>"Evet","",IF(AC39>='1 AYAR'!$C$27,"A",IF(AC39>='1 AYAR'!$C$28,"B",IF(AC39>='1 AYAR'!$C$29,"C","D")))) -> D | AE39: =IF($D39<>"Evet","",AC39+ROW()/10000) -> 30.0039
A40: =IF($D40<>"Evet","",RANK(AC40,$AC$6:$AC$44,0)) | B40: B4 MARMARA HATTI | C40: Maltepe | D40: Hayır | F40: =IF($D40<>"Evet","",IF('1 AYAR'!$C$4="Sayı",MIN(E40*'1 AYAR'!$D$4,'1 AYAR'!$E$4),IF('1 AYAR'!$C$4="Evet/Hayır",IF(OR(E40="Var",E40="Yapıldı",E40="Evet"),'1 AYAR'!$E$4,0),IF(LEN(E40)>3,'1 AYAR'!$E$4,0)))) | H40: =IF($D40<>"Evet","",IF('1 AYAR'!$C$5="Sayı",MIN(G40*'1 AYAR'!$D$5,'1 AYAR'!$E$5),IF('1 AYAR'!$C$5="Evet/Hayır",IF(OR(G40="Var",G40="Yapıldı",G40="Evet"),'1 AYAR'!$E$5,0),IF(LEN(G40)>3,'1 AYAR'!$E$5,0)))) | J40: =IF($D40<>"Evet","",IF('1 AYAR'!$C$6="Sayı",MIN(I40*'1 AYAR'!$D$6,'1 AYAR'!$E$6),IF('1 AYAR'!$C$6="Evet/Hayır",IF(OR(I40="Var",I40="Yapıldı",I40="Evet"),'1 AYAR'!$E$6,0),IF(LEN(I40)>3,'1 AYAR'!$E$6,0)))) | L40: =IF($D40<>"Evet","",IF('1 AYAR'!$C$7="Sayı",MIN(K40*'1 AYAR'!$D$7,'1 AYAR'!$E$7),IF('1 AYAR'!$C$7="Evet/Hayır",IF(OR(K40="Var",K40="Yapıldı",K40="Evet"),'1 AYAR'!$E$7,0),IF(LEN(K40)>3,'1 AYAR'!$E$7,0)))) | N40: =IF($D40<>"Evet","",IF('1 AYAR'!$C$8="Sayı",MIN(M40*'1 AYAR'!$D$8,'1 AYAR'!$E$8),IF('1 AYAR'!$C$8="Evet/Hayır",IF(OR(M40="Var",M40="Yapıldı",M40="Evet"),'1 AYAR'!$E$8,0),IF(LEN(M40)>3,'1 AYAR'!$E$8,0)))) | P40: =IF($D40<>"Evet","",IF('1 AYAR'!$C$9="Sayı",MIN(O40*'1 AYAR'!$D$9,'1 AYAR'!$E$9),IF('1 AYAR'!$C$9="Evet/Hayır",IF(OR(O40="Var",O40="Yapıldı",O40="Evet"),'1 AYAR'!$E$9,0),IF(LEN(O40)>3,'1 AYAR'!$E$9,0)))) | R40: =IF($D40<>"Evet","",IF('1 AYAR'!$C$10="Sayı",MIN(Q40*'1 AYAR'!$D$10,'1 AYAR'!$E$10),IF('1 AYAR'!$C$10="Evet/Hayır",IF(OR(Q40="Var",Q40="Yapıldı",Q40="Evet"),'1 AYAR'!$E$10,0),IF(LEN(Q40)>3,'1 AYAR'!$E$10,0)))) | T40: =IF($D40<>"Evet","",IF('1 AYAR'!$C$11="Sayı",MIN(S40*'1 AYAR'!$D$11,'1 AYAR'!$E$11),IF('1 AYAR'!$C$11="Evet/Hayır",IF(OR(S40="Var",S40="Yapıldı",S40="Evet"),'1 AYAR'!$E$11,0),IF(LEN(S40)>3,'1 AYAR'!$E$11,0)))) | V40: =IF($D40<>"Evet","",IF('1 AYAR'!$C$12="Sayı",MIN(U40*'1 AYAR'!$D$12,'1 AYAR'!$E$12),IF('1 AYAR'!$C$12="Evet/Hayır",IF(OR(U40="Var",U40="Yapıldı",U40="Evet"),'1 AYAR'!$E$12,0),IF(LEN(U40)>3,'1 AYAR'!$E$12,0)))) | X40: =IF($D40<>"Evet","",IF('1 AYAR'!$C$13="Sayı",MIN(W40*'1 AYAR'!$D$13,'1 AYAR'!$E$13),IF('1 AYAR'!$C$13="Evet/Hayır",IF(OR(W40="Var",W40="Yapıldı",W40="Evet"),'1 AYAR'!$E$13,0),IF(LEN(W40)>3,'1 AYAR'!$E$13,0)))) | Z40: =IF($D40<>"Evet","",IF('1 AYAR'!$C$14="Sayı",MIN(Y40*'1 AYAR'!$D$14,'1 AYAR'!$E$14),IF('1 AYAR'!$C$14="Evet/Hayır",IF(OR(Y40="Var",Y40="Yapıldı",Y40="Evet"),'1 AYAR'!$E$14,0),IF(LEN(Y40)>3,'1 AYAR'!$E$14,0)))) | AB40: =IF($D40<>"Evet","",IF('1 AYAR'!$C$15="Sayı",MIN(AA40*'1 AYAR'!$D$15,'1 AYAR'!$E$15),IF('1 AYAR'!$C$15="Evet/Hayır",IF(OR(AA40="Var",AA40="Yapıldı",AA40="Evet"),'1 AYAR'!$E$15,0),IF(LEN(AA40)>3,'1 AYAR'!$E$15,0)))) | AC40: =IF($D40<>"Evet","",F40+H40+J40+L40+N40+P40+R40+T40+V40+X40+Z40+AB40) | AD40: =IF($D40<>"Evet","",IF(AC40>='1 AYAR'!$C$27,"A",IF(AC40>='1 AYAR'!$C$28,"B",IF(AC40>='1 AYAR'!$C$29,"C","D")))) | AE40: =IF($D40<>"Evet","",AC40+ROW()/10000)
A41: =IF($D41<>"Evet","",RANK(AC41,$AC$6:$AC$44,0)) | B41: B4 MARMARA HATTI | C41: Sultanbeyli | D41: Hayır | F41: =IF($D41<>"Evet","",IF('1 AYAR'!$C$4="Sayı",MIN(E41*'1 AYAR'!$D$4,'1 AYAR'!$E$4),IF('1 AYAR'!$C$4="Evet/Hayır",IF(OR(E41="Var",E41="Yapıldı",E41="Evet"),'1 AYAR'!$E$4,0),IF(LEN(E41)>3,'1 AYAR'!$E$4,0)))) | H41: =IF($D41<>"Evet","",IF('1 AYAR'!$C$5="Sayı",MIN(G41*'1 AYAR'!$D$5,'1 AYAR'!$E$5),IF('1 AYAR'!$C$5="Evet/Hayır",IF(OR(G41="Var",G41="Yapıldı",G41="Evet"),'1 AYAR'!$E$5,0),IF(LEN(G41)>3,'1 AYAR'!$E$5,0)))) | J41: =IF($D41<>"Evet","",IF('1 AYAR'!$C$6="Sayı",MIN(I41*'1 AYAR'!$D$6,'1 AYAR'!$E$6),IF('1 AYAR'!$C$6="Evet/Hayır",IF(OR(I41="Var",I41="Yapıldı",I41="Evet"),'1 AYAR'!$E$6,0),IF(LEN(I41)>3,'1 AYAR'!$E$6,0)))) | L41: =IF($D41<>"Evet","",IF('1 AYAR'!$C$7="Sayı",MIN(K41*'1 AYAR'!$D$7,'1 AYAR'!$E$7),IF('1 AYAR'!$C$7="Evet/Hayır",IF(OR(K41="Var",K41="Yapıldı",K41="Evet"),'1 AYAR'!$E$7,0),IF(LEN(K41)>3,'1 AYAR'!$E$7,0)))) | N41: =IF($D41<>"Evet","",IF('1 AYAR'!$C$8="Sayı",MIN(M41*'1 AYAR'!$D$8,'1 AYAR'!$E$8),IF('1 AYAR'!$C$8="Evet/Hayır",IF(OR(M41="Var",M41="Yapıldı",M41="Evet"),'1 AYAR'!$E$8,0),IF(LEN(M41)>3,'1 AYAR'!$E$8,0)))) | P41: =IF($D41<>"Evet","",IF('1 AYAR'!$C$9="Sayı",MIN(O41*'1 AYAR'!$D$9,'1 AYAR'!$E$9),IF('1 AYAR'!$C$9="Evet/Hayır",IF(OR(O41="Var",O41="Yapıldı",O41="Evet"),'1 AYAR'!$E$9,0),IF(LEN(O41)>3,'1 AYAR'!$E$9,0)))) | R41: =IF($D41<>"Evet","",IF('1 AYAR'!$C$10="Sayı",MIN(Q41*'1 AYAR'!$D$10,'1 AYAR'!$E$10),IF('1 AYAR'!$C$10="Evet/Hayır",IF(OR(Q41="Var",Q41="Yapıldı",Q41="Evet"),'1 AYAR'!$E$10,0),IF(LEN(Q41)>3,'1 AYAR'!$E$10,0)))) | T41: =IF($D41<>"Evet","",IF('1 AYAR'!$C$11="Sayı",MIN(S41*'1 AYAR'!$D$11,'1 AYAR'!$E$11),IF('1 AYAR'!$C$11="Evet/Hayır",IF(OR(S41="Var",S41="Yapıldı",S41="Evet"),'1 AYAR'!$E$11,0),IF(LEN(S41)>3,'1 AYAR'!$E$11,0)))) | V41: =IF($D41<>"Evet","",IF('1 AYAR'!$C$12="Sayı",MIN(U41*'1 AYAR'!$D$12,'1 AYAR'!$E$12),IF('1 AYAR'!$C$12="Evet/Hayır",IF(OR(U41="Var",U41="Yapıldı",U41="Evet"),'1 AYAR'!$E$12,0),IF(LEN(U41)>3,'1 AYAR'!$E$12,0)))) | X41: =IF($D41<>"Evet","",IF('1 AYAR'!$C$13="Sayı",MIN(W41*'1 AYAR'!$D$13,'1 AYAR'!$E$13),IF('1 AYAR'!$C$13="Evet/Hayır",IF(OR(W41="Var",W41="Yapıldı",W41="Evet"),'1 AYAR'!$E$13,0),IF(LEN(W41)>3,'1 AYAR'!$E$13,0)))) | Z41: =IF($D41<>"Evet","",IF('1 AYAR'!$C$14="Sayı",MIN(Y41*'1 AYAR'!$D$14,'1 AYAR'!$E$14),IF('1 AYAR'!$C$14="Evet/Hayır",IF(OR(Y41="Var",Y41="Yapıldı",Y41="Evet"),'1 AYAR'!$E$14,0),IF(LEN(Y41)>3,'1 AYAR'!$E$14,0)))) | AB41: =IF($D41<>"Evet","",IF('1 AYAR'!$C$15="Sayı",MIN(AA41*'1 AYAR'!$D$15,'1 AYAR'!$E$15),IF('1 AYAR'!$C$15="Evet/Hayır",IF(OR(AA41="Var",AA41="Yapıldı",AA41="Evet"),'1 AYAR'!$E$15,0),IF(LEN(AA41)>3,'1 AYAR'!$E$15,0)))) | AC41: =IF($D41<>"Evet","",F41+H41+J41+L41+N41+P41+R41+T41+V41+X41+Z41+AB41) | AD41: =IF($D41<>"Evet","",IF(AC41>='1 AYAR'!$C$27,"A",IF(AC41>='1 AYAR'!$C$28,"B",IF(AC41>='1 AYAR'!$C$29,"C","D")))) | AE41: =IF($D41<>"Evet","",AC41+ROW()/10000)
A42: =IF($D42<>"Evet","",RANK(AC42,$AC$6:$AC$44,0)) | B42: B4 MARMARA HATTI | C42: Tuzla | D42: Hayır | F42: =IF($D42<>"Evet","",IF('1 AYAR'!$C$4="Sayı",MIN(E42*'1 AYAR'!$D$4,'1 AYAR'!$E$4),IF('1 AYAR'!$C$4="Evet/Hayır",IF(OR(E42="Var",E42="Yapıldı",E42="Evet"),'1 AYAR'!$E$4,0),IF(LEN(E42)>3,'1 AYAR'!$E$4,0)))) | H42: =IF($D42<>"Evet","",IF('1 AYAR'!$C$5="Sayı",MIN(G42*'1 AYAR'!$D$5,'1 AYAR'!$E$5),IF('1 AYAR'!$C$5="Evet/Hayır",IF(OR(G42="Var",G42="Yapıldı",G42="Evet"),'1 AYAR'!$E$5,0),IF(LEN(G42)>3,'1 AYAR'!$E$5,0)))) | J42: =IF($D42<>"Evet","",IF('1 AYAR'!$C$6="Sayı",MIN(I42*'1 AYAR'!$D$6,'1 AYAR'!$E$6),IF('1 AYAR'!$C$6="Evet/Hayır",IF(OR(I42="Var",I42="Yapıldı",I42="Evet"),'1 AYAR'!$E$6,0),IF(LEN(I42)>3,'1 AYAR'!$E$6,0)))) | L42: =IF($D42<>"Evet","",IF('1 AYAR'!$C$7="Sayı",MIN(K42*'1 AYAR'!$D$7,'1 AYAR'!$E$7),IF('1 AYAR'!$C$7="Evet/Hayır",IF(OR(K42="Var",K42="Yapıldı",K42="Evet"),'1 AYAR'!$E$7,0),IF(LEN(K42)>3,'1 AYAR'!$E$7,0)))) | N42: =IF($D42<>"Evet","",IF('1 AYAR'!$C$8="Sayı",MIN(M42*'1 AYAR'!$D$8,'1 AYAR'!$E$8),IF('1 AYAR'!$C$8="Evet/Hayır",IF(OR(M42="Var",M42="Yapıldı",M42="Evet"),'1 AYAR'!$E$8,0),IF(LEN(M42)>3,'1 AYAR'!$E$8,0)))) | P42: =IF($D42<>"Evet","",IF('1 AYAR'!$C$9="Sayı",MIN(O42*'1 AYAR'!$D$9,'1 AYAR'!$E$9),IF('1 AYAR'!$C$9="Evet/Hayır",IF(OR(O42="Var",O42="Yapıldı",O42="Evet"),'1 AYAR'!$E$9,0),IF(LEN(O42)>3,'1 AYAR'!$E$9,0)))) | R42: =IF($D42<>"Evet","",IF('1 AYAR'!$C$10="Sayı",MIN(Q42*'1 AYAR'!$D$10,'1 AYAR'!$E$10),IF('1 AYAR'!$C$10="Evet/Hayır",IF(OR(Q42="Var",Q42="Yapıldı",Q42="Evet"),'1 AYAR'!$E$10,0),IF(LEN(Q42)>3,'1 AYAR'!$E$10,0)))) | T42: =IF($D42<>"Evet","",IF('1 AYAR'!$C$11="Sayı",MIN(S42*'1 AYAR'!$D$11,'1 AYAR'!$E$11),IF('1 AYAR'!$C$11="Evet/Hayır",IF(OR(S42="Var",S42="Yapıldı",S42="Evet"),'1 AYAR'!$E$11,0),IF(LEN(S42)>3,'1 AYAR'!$E$11,0)))) | V42: =IF($D42<>"Evet","",IF('1 AYAR'!$C$12="Sayı",MIN(U42*'1 AYAR'!$D$12,'1 AYAR'!$E$12),IF('1 AYAR'!$C$12="Evet/Hayır",IF(OR(U42="Var",U42="Yapıldı",U42="Evet"),'1 AYAR'!$E$12,0),IF(LEN(U42)>3,'1 AYAR'!$E$12,0)))) | X42: =IF($D42<>"Evet","",IF('1 AYAR'!$C$13="Sayı",MIN(W42*'1 AYAR'!$D$13,'1 AYAR'!$E$13),IF('1 AYAR'!$C$13="Evet/Hayır",IF(OR(W42="Var",W42="Yapıldı",W42="Evet"),'1 AYAR'!$E$13,0),IF(LEN(W42)>3,'1 AYAR'!$E$13,0)))) | Z42: =IF($D42<>"Evet","",IF('1 AYAR'!$C$14="Sayı",MIN(Y42*'1 AYAR'!$D$14,'1 AYAR'!$E$14),IF('1 AYAR'!$C$14="Evet/Hayır",IF(OR(Y42="Var",Y42="Yapıldı",Y42="Evet"),'1 AYAR'!$E$14,0),IF(LEN(Y42)>3,'1 AYAR'!$E$14,0)))) | AB42: =IF($D42<>"Evet","",IF('1 AYAR'!$C$15="Sayı",MIN(AA42*'1 AYAR'!$D$15,'1 AYAR'!$E$15),IF('1 AYAR'!$C$15="Evet/Hayır",IF(OR(AA42="Var",AA42="Yapıldı",AA42="Evet"),'1 AYAR'!$E$15,0),IF(LEN(AA42)>3,'1 AYAR'!$E$15,0)))) | AC42: =IF($D42<>"Evet","",F42+H42+J42+L42+N42+P42+R42+T42+V42+X42+Z42+AB42) | AD42: =IF($D42<>"Evet","",IF(AC42>='1 AYAR'!$C$27,"A",IF(AC42>='1 AYAR'!$C$28,"B",IF(AC42>='1 AYAR'!$C$29,"C","D")))) | AE42: =IF($D42<>"Evet","",AC42+ROW()/10000)
A43: =IF($D43<>"Evet","",RANK(AC43,$AC$6:$AC$44,0)) | B43: B4 MARMARA HATTI | C43: Şile | D43: Hayır | F43: =IF($D43<>"Evet","",IF('1 AYAR'!$C$4="Sayı",MIN(E43*'1 AYAR'!$D$4,'1 AYAR'!$E$4),IF('1 AYAR'!$C$4="Evet/Hayır",IF(OR(E43="Var",E43="Yapıldı",E43="Evet"),'1 AYAR'!$E$4,0),IF(LEN(E43)>3,'1 AYAR'!$E$4,0)))) | H43: =IF($D43<>"Evet","",IF('1 AYAR'!$C$5="Sayı",MIN(G43*'1 AYAR'!$D$5,'1 AYAR'!$E$5),IF('1 AYAR'!$C$5="Evet/Hayır",IF(OR(G43="Var",G43="Yapıldı",G43="Evet"),'1 AYAR'!$E$5,0),IF(LEN(G43)>3,'1 AYAR'!$E$5,0)))) | J43: =IF($D43<>"Evet","",IF('1 AYAR'!$C$6="Sayı",MIN(I43*'1 AYAR'!$D$6,'1 AYAR'!$E$6),IF('1 AYAR'!$C$6="Evet/Hayır",IF(OR(I43="Var",I43="Yapıldı",I43="Evet"),'1 AYAR'!$E$6,0),IF(LEN(I43)>3,'1 AYAR'!$E$6,0)))) | L43: =IF($D43<>"Evet","",IF('1 AYAR'!$C$7="Sayı",MIN(K43*'1 AYAR'!$D$7,'1 AYAR'!$E$7),IF('1 AYAR'!$C$7="Evet/Hayır",IF(OR(K43="Var",K43="Yapıldı",K43="Evet"),'1 AYAR'!$E$7,0),IF(LEN(K43)>3,'1 AYAR'!$E$7,0)))) | N43: =IF($D43<>"Evet","",IF('1 AYAR'!$C$8="Sayı",MIN(M43*'1 AYAR'!$D$8,'1 AYAR'!$E$8),IF('1 AYAR'!$C$8="Evet/Hayır",IF(OR(M43="Var",M43="Yapıldı",M43="Evet"),'1 AYAR'!$E$8,0),IF(LEN(M43)>3,'1 AYAR'!$E$8,0)))) | P43: =IF($D43<>"Evet","",IF('1 AYAR'!$C$9="Sayı",MIN(O43*'1 AYAR'!$D$9,'1 AYAR'!$E$9),IF('1 AYAR'!$C$9="Evet/Hayır",IF(OR(O43="Var",O43="Yapıldı",O43="Evet"),'1 AYAR'!$E$9,0),IF(LEN(O43)>3,'1 AYAR'!$E$9,0)))) | R43: =IF($D43<>"Evet","",IF('1 AYAR'!$C$10="Sayı",MIN(Q43*'1 AYAR'!$D$10,'1 AYAR'!$E$10),IF('1 AYAR'!$C$10="Evet/Hayır",IF(OR(Q43="Var",Q43="Yapıldı",Q43="Evet"),'1 AYAR'!$E$10,0),IF(LEN(Q43)>3,'1 AYAR'!$E$10,0)))) | T43: =IF($D43<>"Evet","",IF('1 AYAR'!$C$11="Sayı",MIN(S43*'1 AYAR'!$D$11,'1 AYAR'!$E$11),IF('1 AYAR'!$C$11="Evet/Hayır",IF(OR(S43="Var",S43="Yapıldı",S43="Evet"),'1 AYAR'!$E$11,0),IF(LEN(S43)>3,'1 AYAR'!$E$11,0)))) | V43: =IF($D43<>"Evet","",IF('1 AYAR'!$C$12="Sayı",MIN(U43*'1 AYAR'!$D$12,'1 AYAR'!$E$12),IF('1 AYAR'!$C$12="Evet/Hayır",IF(OR(U43="Var",U43="Yapıldı",U43="Evet"),'1 AYAR'!$E$12,0),IF(LEN(U43)>3,'1 AYAR'!$E$12,0)))) | X43: =IF($D43<>"Evet","",IF('1 AYAR'!$C$13="Sayı",MIN(W43*'1 AYAR'!$D$13,'1 AYAR'!$E$13),IF('1 AYAR'!$C$13="Evet/Hayır",IF(OR(W43="Var",W43="Yapıldı",W43="Evet"),'1 AYAR'!$E$13,0),IF(LEN(W43)>3,'1 AYAR'!$E$13,0)))) | Z43: =IF($D43<>"Evet","",IF('1 AYAR'!$C$14="Sayı",MIN(Y43*'1 AYAR'!$D$14,'1 AYAR'!$E$14),IF('1 AYAR'!$C$14="Evet/Hayır",IF(OR(Y43="Var",Y43="Yapıldı",Y43="Evet"),'1 AYAR'!$E$14,0),IF(LEN(Y43)>3,'1 AYAR'!$E$14,0)))) | AB43: =IF($D43<>"Evet","",IF('1 AYAR'!$C$15="Sayı",MIN(AA43*'1 AYAR'!$D$15,'1 AYAR'!$E$15),IF('1 AYAR'!$C$15="Evet/Hayır",IF(OR(AA43="Var",AA43="Yapıldı",AA43="Evet"),'1 AYAR'!$E$15,0),IF(LEN(AA43)>3,'1 AYAR'!$E$15,0)))) | AC43: =IF($D43<>"Evet","",F43+H43+J43+L43+N43+P43+R43+T43+V43+X43+Z43+AB43) | AD43: =IF($D43<>"Evet","",IF(AC43>='1 AYAR'!$C$27,"A",IF(AC43>='1 AYAR'!$C$28,"B",IF(AC43>='1 AYAR'!$C$29,"C","D")))) | AE43: =IF($D43<>"Evet","",AC43+ROW()/10000)
A44: =IF($D44<>"Evet","",RANK(AC44,$AC$6:$AC$44,0)) | B44: B4 MARMARA HATTI | C44: Adalar | D44: Hayır | F44: =IF($D44<>"Evet","",IF('1 AYAR'!$C$4="Sayı",MIN(E44*'1 AYAR'!$D$4,'1 AYAR'!$E$4),IF('1 AYAR'!$C$4="Evet/Hayır",IF(OR(E44="Var",E44="Yapıldı",E44="Evet"),'1 AYAR'!$E$4,0),IF(LEN(E44)>3,'1 AYAR'!$E$4,0)))) | H44: =IF($D44<>"Evet","",IF('1 AYAR'!$C$5="Sayı",MIN(G44*'1 AYAR'!$D$5,'1 AYAR'!$E$5),IF('1 AYAR'!$C$5="Evet/Hayır",IF(OR(G44="Var",G44="Yapıldı",G44="Evet"),'1 AYAR'!$E$5,0),IF(LEN(G44)>3,'1 AYAR'!$E$5,0)))) | J44: =IF($D44<>"Evet","",IF('1 AYAR'!$C$6="Sayı",MIN(I44*'1 AYAR'!$D$6,'1 AYAR'!$E$6),IF('1 AYAR'!$C$6="Evet/Hayır",IF(OR(I44="Var",I44="Yapıldı",I44="Evet"),'1 AYAR'!$E$6,0),IF(LEN(I44)>3,'1 AYAR'!$E$6,0)))) | L44: =IF($D44<>"Evet","",IF('1 AYAR'!$C$7="Sayı",MIN(K44*'1 AYAR'!$D$7,'1 AYAR'!$E$7),IF('1 AYAR'!$C$7="Evet/Hayır",IF(OR(K44="Var",K44="Yapıldı",K44="Evet"),'1 AYAR'!$E$7,0),IF(LEN(K44)>3,'1 AYAR'!$E$7,0)))) | N44: =IF($D44<>"Evet","",IF('1 AYAR'!$C$8="Sayı",MIN(M44*'1 AYAR'!$D$8,'1 AYAR'!$E$8),IF('1 AYAR'!$C$8="Evet/Hayır",IF(OR(M44="Var",M44="Yapıldı",M44="Evet"),'1 AYAR'!$E$8,0),IF(LEN(M44)>3,'1 AYAR'!$E$8,0)))) | P44: =IF($D44<>"Evet","",IF('1 AYAR'!$C$9="Sayı",MIN(O44*'1 AYAR'!$D$9,'1 AYAR'!$E$9),IF('1 AYAR'!$C$9="Evet/Hayır",IF(OR(O44="Var",O44="Yapıldı",O44="Evet"),'1 AYAR'!$E$9,0),IF(LEN(O44)>3,'1 AYAR'!$E$9,0)))) | R44: =IF($D44<>"Evet","",IF('1 AYAR'!$C$10="Sayı",MIN(Q44*'1 AYAR'!$D$10,'1 AYAR'!$E$10),IF('1 AYAR'!$C$10="Evet/Hayır",IF(OR(Q44="Var",Q44="Yapıldı",Q44="Evet"),'1 AYAR'!$E$10,0),IF(LEN(Q44)>3,'1 AYAR'!$E$10,0)))) | T44: =IF($D44<>"Evet","",IF('1 AYAR'!$C$11="Sayı",MIN(S44*'1 AYAR'!$D$11,'1 AYAR'!$E$11),IF('1 AYAR'!$C$11="Evet/Hayır",IF(OR(S44="Var",S44="Yapıldı",S44="Evet"),'1 AYAR'!$E$11,0),IF(LEN(S44)>3,'1 AYAR'!$E$11,0)))) | V44: =IF($D44<>"Evet","",IF('1 AYAR'!$C$12="Sayı",MIN(U44*'1 AYAR'!$D$12,'1 AYAR'!$E$12),IF('1 AYAR'!$C$12="Evet/Hayır",IF(OR(U44="Var",U44="Yapıldı",U44="Evet"),'1 AYAR'!$E$12,0),IF(LEN(U44)>3,'1 AYAR'!$E$12,0)))) | X44: =IF($D44<>"Evet","",IF('1 AYAR'!$C$13="Sayı",MIN(W44*'1 AYAR'!$D$13,'1 AYAR'!$E$13),IF('1 AYAR'!$C$13="Evet/Hayır",IF(OR(W44="Var",W44="Yapıldı",W44="Evet"),'1 AYAR'!$E$13,0),IF(LEN(W44)>3,'1 AYAR'!$E$13,0)))) | Z44: =IF($D44<>"Evet","",IF('1 AYAR'!$C$14="Sayı",MIN(Y44*'1 AYAR'!$D$14,'1 AYAR'!$E$14),IF('1 AYAR'!$C$14="Evet/Hayır",IF(OR(Y44="Var",Y44="Yapıldı",Y44="Evet"),'1 AYAR'!$E$14,0),IF(LEN(Y44)>3,'1 AYAR'!$E$14,0)))) | AB44: =IF($D44<>"Evet","",IF('1 AYAR'!$C$15="Sayı",MIN(AA44*'1 AYAR'!$D$15,'1 AYAR'!$E$15),IF('1 AYAR'!$C$15="Evet/Hayır",IF(OR(AA44="Var",AA44="Yapıldı",AA44="Evet"),'1 AYAR'!$E$15,0),IF(LEN(AA44)>3,'1 AYAR'!$E$15,0)))) | AC44: =IF($D44<>"Evet","",F44+H44+J44+L44+N44+P44+R44+T44+V44+X44+Z44+AB44) | AD44: =IF($D44<>"Evet","",IF(AC44>='1 AYAR'!$C$27,"A",IF(AC44>='1 AYAR'!$C$28,"B",IF(AC44>='1 AYAR'!$C$29,"C","D")))) | AE44: =IF($D44<>"Evet","",AC44+ROW()/10000)
C45: İSTANBUL ORTALAMASI (aktif ilçeler) | AC45: =IFERROR(SUMPRODUCT(($D$6:$D$44="Evet")*IF($D$6:$D$44="Evet",$AC$6:$AC$44,0))/COUNTIF($D$6:$D$44,"Evet"),0) -> 42.388889
C46: AKTİF İLÇE SAYISI | AC46: =COUNTIF($D$6:$D$44,"Evet") -> 9
A48: MAVİ = ham veri (arayan görevli doldurur). GRİ PUAN sütunları = formül, dokunma. KOYU YEŞİL ilçeler = temsilciliğimiz var. GRİ ilçeler = henüz yok, AKTİF? sütunu «Hayır». YENİ TEMSİLCİLİK AÇILINCA: O ilçenin AKTİF? hücresini «Evet» yap. Sıralama, ortalama ve dashboard kendiliğinden onu da hesaba katar.

Sheet 4 AYLIK ARSIV
A1: AYLIK ARŞİV — 12 AYLIK PUAN TARİHÇESİ (39 ilçe)
B2: Her ay sonunda «3 VERİ GİRİŞİ»ndeki TOPLAM sütununu kopyala → ilgili ay sütununa DEĞER olarak yapıştır (Ctrl+Shift+V). Sorumlu: Sekreterya.
A4: # | B4: İLÇE | C4: Ocak | D4: Şubat | E4: Mart | F4: Nisan | G4: Mayıs | H4: Haziran | I4: Temmuz | J4: Ağustos | K4: Eylül | L4: Ekim | M4: Kasım | N4: Aralık | O4: Yıllık ort. | P4: Trend
A5: 1 | B5: Fatih | O5: =IF(COUNT(C5:N5)=0,"",AVERAGE(C5:N5)) | P5: =IF(COUNT(C5:N5)<2,"—",IF(INDEX(C5:N5,COUNT(C5:N5))>INDEX(C5:N5,COUNT(C5:N5)-1),"▲ Yükseliş",IF(INDEX(C5:N5,COUNT(C5:N5))<INDEX(C5:N5,COUNT(C5:N5)-1),"▼ Düşüş","▬ Sabit"))) -> —
A6: 2 | B6: Eyüpsultan | O6: =IF(COUNT(C6:N6)=0,"",AVERAGE(C6:N6)) | P6: =IF(COUNT(C6:N6)<2,"—",IF(INDEX(C6:N6,COUNT(C6:N6))>INDEX(C6:N6,COUNT(C6:N6)-1),"▲ Yükseliş",IF(INDEX(C6:N6,COUNT(C6:N6))<INDEX(C6:N6,COUNT(C6:N6)-1),"▼ Düşüş","▬ Sabit"))) -> —
A7: 3 | B7: Gaziosmanpaşa | O7: =IF(COUNT(C7:N7)=0,"",AVERAGE(C7:N7)) | P7: =IF(COUNT(C7:N7)<2,"—",IF(INDEX(C7:N7,COUNT(C7:N7))>INDEX(C7:N7,COUNT(C7:N7)-1),"▲ Yükseliş",IF(INDEX(C7:N7,COUNT(C7:N7))<INDEX(C7:N7,COUNT(C7:N7)-1),"▼ Düşüş","▬ Sabit"))) -> —
A8: 4 | B8: Sultangazi | O8: =IF(COUNT(C8:N8)=0,"",AVERAGE(C8:N8)) | P8: =IF(COUNT(C8:N8)<2,"—",IF(INDEX(C8:N8,COUNT(C8:N8))>INDEX(C8:N8,COUNT(C8:N8)-1),"▲ Yükseliş",IF(INDEX(C8:N8,COUNT(C8:N8))<INDEX(C8:N8,COUNT(C8:N8)-1),"▼ Düşüş","▬ Sabit"))) -> —
A9: 5 | B9: Bayrampaşa | O9: =IF(COUNT(C9:N9)=0,"",AVERAGE(C9:N9)) | P9: =IF(COUNT(C9:N9)<2,"—",IF(INDEX(C9:N9,COUNT(C9:N9))>INDEX(C9:N9,COUNT(C9:N9)-1),"▲ Yükseliş",IF(INDEX(C9:N9,COUNT(C9:N9))<INDEX(C9:N9,COUNT(C9:N9)-1),"▼ Düşüş","▬ Sabit"))) -> —
A10: 6 | B10: Kağıthane | E10: 39 | O10: =IF(COUNT(C10:N10)=0,"",AVERAGE(C10:N10)) -> 39 | P10: =IF(COUNT(C10:N10)<2,"—",IF(INDEX(C10:N10,COUNT(C10:N10))>INDEX(C10:N10,COUNT(C10:N10)-1),"▲ Yükseliş",IF(INDEX(C10:N10,COUNT(C10:N10))<INDEX(C10:N10,COUNT(C10:N10)-1),"▼ Düşüş","▬ Sabit"))) -> —
A11: 7 | B11: Beyoğlu | O11: =IF(COUNT(C11:N11)=0,"",AVERAGE(C11:N11)) | P11: =IF(COUNT(C11:N11)<2,"—",IF(INDEX(C11:N11,COUNT(C11:N11))>INDEX(C11:N11,COUNT(C11:N11)-1),"▲ Yükseliş",IF(INDEX(C11:N11,COUNT(C11:N11))<INDEX(C11:N11,COUNT(C11:N11)-1),"▼ Düşüş","▬ Sabit"))) -> —
A12: 8 | B12: Şişli | O12: =IF(COUNT(C12:N12)=0,"",AVERAGE(C12:N12)) | P12: =IF(COUNT(C12:N12)<2,"—",IF(INDEX(C12:N12,COUNT(C12:N12))>INDEX(C12:N12,COUNT(C12:N12)-1),"▲ Yükseliş",IF(INDEX(C12:N12,COUNT(C12:N12))<INDEX(C12:N12,COUNT(C12:N12)-1),"▼ Düşüş","▬ Sabit"))) -> —
A13: 9 | B13: Sarıyer | O13: =IF(COUNT(C13:N13)=0,"",AVERAGE(C13:N13)) | P13: =IF(COUNT(C13:N13)<2,"—",IF(INDEX(C13:N13,COUNT(C13:N13))>INDEX(C13:N13,COUNT(C13:N13)-1),"▲ Yükseliş",IF(INDEX(C13:N13,COUNT(C13:N13))<INDEX(C13:N13,COUNT(C13:N13)-1),"▼ Düşüş","▬ Sabit"))) -> —
A14: 10 | B14: Beşiktaş | O14: =IF(COUNT(C14:N14)=0,"",AVERAGE(C14:N14)) | P14: =IF(COUNT(C14:N14)<2,"—",IF(INDEX(C14:N14,COUNT(C14:N14))>INDEX(C14:N14,COUNT(C14:N14)-1),"▲ Yükseliş",IF(INDEX(C14:N14,COUNT(C14:N14))<INDEX(C14:N14,COUNT(C14:N14)-1),"▼ Düşüş","▬ Sabit"))) -> —
A15: 11 | B15: Bağcılar | E15: 36 | O15: =IF(COUNT(C15:N15)=0,"",AVERAGE(C15:N15)) -> 36 | P15: =IF(COUNT(C15:N15)<2,"—",IF(INDEX(C15:N15,COUNT(C15:N15))>INDEX(C15:N15,COUNT(C15:N15)-1),"▲ Yükseliş",IF(INDEX(C15:N15,COUNT(C15:N15))<INDEX(C15:N15,COUNT(C15:N15)-1),"▼ Düşüş","▬ Sabit"))) -> —
A16: 12 | B16: Bahçelievler | E16: 63 | O16: =IF(COUNT(C16:N16)=0,"",AVERAGE(C16:N16)) -> 63 | P16: =IF(COUNT(C16:N16)<2,"—",IF(INDEX(C16:N16,COUNT(C16:N16))>INDEX(C16:N16,COUNT(C16:N16)-1),"▲ Yükseliş",IF(INDEX(C16:N16,COUNT(C16:N16))<INDEX(C16:N16,COUNT(C16:N16)-1),"▼ Düşüş","▬ Sabit"))) -> —
A17: 13 | B17: Esenler | E17: 58 | O17: =IF(COUNT(C17:N17)=0,"",AVERAGE(C17:N17)) -> 58 | P17: =IF(COUNT(C17:N17)<2,"—",IF(INDEX(C17:N17,COUNT(C17:N17))>INDEX(C17:N17,COUNT(C17:N17)-1),"▲ Yükseliş",IF(INDEX(C17:N17,COUNT(C17:N17))<INDEX(C17:N17,COUNT(C17:N17)-1),"▼ Düşüş","▬ Sabit"))) -> —
A18: 14 | B18: Güngören | O18: =IF(COUNT(C18:N18)=0,"",AVERAGE(C18:N18)) | P18: =IF(COUNT(C18:N18)<2,"—",IF(INDEX(C18:N18,COUNT(C18:N18))>INDEX(C18:N18,COUNT(C18:N18)-1),"▲ Yükseliş",IF(INDEX(C18:N18,COUNT(C18:N18))<INDEX(C18:N18,COUNT(C18:N18)-1),"▼ Düşüş","▬ Sabit"))) -> —
A19: 15 | B19: Küçükçekmece | O19: =IF(COUNT(C19:N19)=0,"",AVERAGE(C19:N19)) | P19: =IF(COUNT(C19:N19)<2,"—",IF(INDEX(C19:N19,COUNT(C19:N19))>INDEX(C19:N19,COUNT(C19:N19)-1),"▲ Yükseliş",IF(INDEX(C19:N19,COUNT(C19:N19))<INDEX(C19:N19,COUNT(C19:N19)-1),"▼ Düşüş","▬ Sabit"))) -> —
A20: 16 | B20: Başakşehir | O20: =IF(COUNT(C20:N20)=0,"",AVERAGE(C20:N20)) | P20: =IF(COUNT(C20:N20)<2,"—",IF(INDEX(C20:N20,COUNT(C20:N20))>INDEX(C20:N20,COUNT(C20:N20)-1),"▲ Yükseliş",IF(INDEX(C20:N20,COUNT(C20:N20))<INDEX(C20:N20,COUNT(C20:N20)-1),"▼ Düşüş","▬ Sabit"))) -> —
A21: 17 | B21: Esenyurt | O21: =IF(COUNT(C21:N21)=0,"",AVERAGE(C21:N21)) | P21: =IF(COUNT(C21:N21)<2,"—",IF(INDEX(C21:N21,COUNT(C21:N21))>INDEX(C21:N21,COUNT(C21:N21)-1),"▲ Yükseliş",IF(INDEX(C21:N21,COUNT(C21:N21))<INDEX(C21:N21,COUNT(C21:N21)-1),"▼ Düşüş","▬ Sabit"))) -> —
A22: 18 | B22: Zeytinburnu | O22: =IF(COUNT(C22:N22)=0,"",AVERAGE(C22:N22)) | P22: =IF(COUNT(C22:N22)<2,"—",IF(INDEX(C22:N22,COUNT(C22:N22))>INDEX(C22:N22,COUNT(C22:N22)-1),"▲ Yükseliş",IF(INDEX(C22:N22,COUNT(C22:N22))<INDEX(C22:N22,COUNT(C22:N22)-1),"▼ Düşüş","▬ Sabit"))) -> —
A23: 19 | B23: Bakırköy | O23: =IF(COUNT(C23:N23)=0,"",AVERAGE(C23:N23)) | P23: =IF(COUNT(C23:N23)<2,"—",IF(INDEX(C23:N23,COUNT(C23:N23))>INDEX(C23:N23,COUNT(C23:N23)-1),"▲ Yükseliş",IF(INDEX(C23:N23,COUNT(C23:N23))<INDEX(C23:N23,COUNT(C23:N23)-1),"▼ Düşüş","▬ Sabit"))) -> —
A24: 20 | B24: Avcılar | O24: =IF(COUNT(C24:N24)=0,"",AVERAGE(C24:N24)) | P24: =IF(COUNT(C24:N24)<2,"—",IF(INDEX(C24:N24,COUNT(C24:N24))>INDEX(C24:N24,COUNT(C24:N24)-1),"▲ Yükseliş",IF(INDEX(C24:N24,COUNT(C24:N24))<INDEX(C24:N24,COUNT(C24:N24)-1),"▼ Düşüş","▬ Sabit"))) -> —
A25: 21 | B25: Beylikdüzü | O25: =IF(COUNT(C25:N25)=0,"",AVERAGE(C25:N25)) | P25: =IF(COUNT(C25:N25)<2,"—",IF(INDEX(C25:N25,COUNT(C25:N25))>INDEX(C25:N25,COUNT(C25:N25)-1),"▲ Yükseliş",IF(INDEX(C25:N25,COUNT(C25:N25))<INDEX(C25:N25,COUNT(C25:N25)-1),"▼ Düşüş","▬ Sabit"))) -> —
A26: 22 | B26: Büyükçekmece | O26: =IF(COUNT(C26:N26)=0,"",AVERAGE(C26:N26)) | P26: =IF(COUNT(C26:N26)<2,"—",IF(INDEX(C26:N26,COUNT(C26:N26))>INDEX(C26:N26,COUNT(C26:N26)-1),"▲ Yükseliş",IF(INDEX(C26:N26,COUNT(C26:N26))<INDEX(C26:N26,COUNT(C26:N26)-1),"▼ Düşüş","▬ Sabit"))) -> —
A27: 23 | B27: Arnavutköy | O27: =IF(COUNT(C27:N27)=0,"",AVERAGE(C27:N27)) | P27: =IF(COUNT(C27:N27)<2,"—",IF(INDEX(C27:N27,COUNT(C27:N27))>INDEX(C27:N27,COUNT(C27:N27)-1),"▲ Yükseliş",IF(INDEX(C27:N27,COUNT(C27:N27))<INDEX(C27:N27,COUNT(C27:N27)-1),"▼ Düşüş","▬ Sabit"))) -> —
A28: 24 | B28: Çatalca | O28: =IF(COUNT(C28:N28)=0,"",AVERAGE(C28:N28)) | P28: =IF(COUNT(C28:N28)<2,"—",IF(INDEX(C28:N28,COUNT(C28:N28))>INDEX(C28:N28,COUNT(C28:N28)-1),"▲ Yükseliş",IF(INDEX(C28:N28,COUNT(C28:N28))<INDEX(C28:N28,COUNT(C28:N28)-1),"▼ Düşüş","▬ Sabit"))) -> —
A29: 25 | B29: Silivri | O29: =IF(COUNT(C29:N29)=0,"",AVERAGE(C29:N29)) | P29: =IF(COUNT(C29:N29)<2,"—",IF(INDEX(C29:N29,COUNT(C29:N29))>INDEX(C29:N29,COUNT(C29:N29)-1),"▲ Yükseliş",IF(INDEX(C29:N29,COUNT(C29:N29))<INDEX(C29:N29,COUNT(C29:N29)-1),"▼ Düşüş","▬ Sabit"))) -> —
A30: 26 | B30: Üsküdar (Kirazlıtepe) | E30: 32.5 | O30: =IF(COUNT(C30:N30)=0,"",AVERAGE(C30:N30)) -> 32.5 | P30: =IF(COUNT(C30:N30)<2,"—",IF(INDEX(C30:N30,COUNT(C30:N30))>INDEX(C30:N30,COUNT(C30:N30)-1),"▲ Yükseliş",IF(INDEX(C30:N30,COUNT(C30:N30))<INDEX(C30:N30,COUNT(C30:N30)-1),"▼ Düşüş","▬ Sabit"))) -> —
A31: 27 | B31: Ümraniye | E31: 35 | O31: =IF(COUNT(C31:N31)=0,"",AVERAGE(C31:N31)) -> 35 | P31: =IF(COUNT(C31:N31)<2,"—",IF(INDEX(C31:N31,COUNT(C31:N31))>INDEX(C31:N31,COUNT(C31:N31)-1),"▲ Yükseliş",IF(INDEX(C31:N31,COUNT(C31:N31))<INDEX(C31:N31,COUNT(C31:N31)-1),"▼ Düşüş","▬ Sabit"))) -> —
A32: 28 | B32: Sancaktepe | O32: =IF(COUNT(C32:N32)=0,"",AVERAGE(C32:N32)) | P32: =IF(COUNT(C32:N32)<2,"—",IF(INDEX(C32:N32,COUNT(C32:N32))>INDEX(C32:N32,COUNT(C32:N32)-1),"▲ Yükseliş",IF(INDEX(C32:N32,COUNT(C32:N32))<INDEX(C32:N32,COUNT(C32:N32)-1),"▼ Düşüş","▬ Sabit"))) -> —
A33: 29 | B33: Çekmeköy | O33: =IF(COUNT(C33:N33)=0,"",AVERAGE(C33:N33)) | P33: =IF(COUNT(C33:N33)<2,"—",IF(INDEX(C33:N33,COUNT(C33:N33))>INDEX(C33:N33,COUNT(C33:N33)-1),"▲ Yükseliş",IF(INDEX(C33:N33,COUNT(C33:N33))<INDEX(C33:N33,COUNT(C33:N33)-1),"▼ Düşüş","▬ Sabit"))) -> —
A34: 30 | B34: Ataşehir | O34: =IF(COUNT(C34:N34)=0,"",AVERAGE(C34:N34)) | P34: =IF(COUNT(C34:N34)<2,"—",IF(INDEX(C34:N34,COUNT(C34:N34))>INDEX(C34:N34,COUNT(C34:N34)-1),"▲ Yükseliş",IF(INDEX(C34:N34,COUNT(C34:N34))<INDEX(C34:N34,COUNT(C34:N34)-1),"▼ Düşüş","▬ Sabit"))) -> —
A35: 31 | B35: Beykoz | O35: =IF(COUNT(C35:N35)=0,"",AVERAGE(C35:N35)) | P35: =IF(COUNT(C35:N35)<2,"—",IF(INDEX(C35:N35,COUNT(C35:N35))>INDEX(C35:N35,COUNT(C35:N35)-1),"▲ Yükseliş",IF(INDEX(C35:N35,COUNT(C35:N35))<INDEX(C35:N35,COUNT(C35:N35)-1),"▼ Düşüş","▬ Sabit"))) -> —
A36: 32 | B36: Kadıköy | E36: 41.5 | O36: =IF(COUNT(C36:N36)=0,"",AVERAGE(C36:N36)) -> 41.5 | P36: =IF(COUNT(C36:N36)<2,"—",IF(INDEX(C36:N36,COUNT(C36:N36))>INDEX(C36:N36,COUNT(C36:N36)-1),"▲ Yükseliş",IF(INDEX(C36:N36,COUNT(C36:N36))<INDEX(C36:N36,COUNT(C36:N36)-1),"▼ Düşüş","▬ Sabit"))) -> —
A37: 33 | B37: Kartal | E37: 46.5 | O37: =IF(COUNT(C37:N37)=0,"",AVERAGE(C37:N37)) -> 46.5 | P37: =IF(COUNT(C37:N37)<2,"—",IF(INDEX(C37:N37,COUNT(C37:N37))>INDEX(C37:N37,COUNT(C37:N37)-1),"▲ Yükseliş",IF(INDEX(C37:N37,COUNT(C37:N37))<INDEX(C37:N37,COUNT(C37:N37)-1),"▼ Düşüş","▬ Sabit"))) -> —
A38: 34 | B38: Pendik | E38: 30 | O38: =IF(COUNT(C38:N38)=0,"",AVERAGE(C38:N38)) -> 30 | P38: =IF(COUNT(C38:N38)<2,"—",IF(INDEX(C38:N38,COUNT(C38:N38))>INDEX(C38:N38,COUNT(C38:N38)-1),"▲ Yükseliş",IF(INDEX(C38:N38,COUNT(C38:N38))<INDEX(C38:N38,COUNT(C38:N38)-1),"▼ Düşüş","▬ Sabit"))) -> —
A39: 35 | B39: Maltepe | O39: =IF(COUNT(C39:N39)=0,"",AVERAGE(C39:N39)) | P39: =IF(COUNT(C39:N39)<2,"—",IF(INDEX(C39:N39,COUNT(C39:N39))>INDEX(C39:N39,COUNT(C39:N39)-1),"▲ Yükseliş",IF(INDEX(C39:N39,COUNT(C39:N39))<INDEX(C39:N39,COUNT(C39:N39)-1),"▼ Düşüş","▬ Sabit"))) -> —
A40: 36 | B40: Sultanbeyli | O40: =IF(COUNT(C40:N40)=0,"",AVERAGE(C40:N40)) | P40: =IF(COUNT(C40:N40)<2,"—",IF(INDEX(C40:N40,COUNT(C40:N40))>INDEX(C40:N40,COUNT(C40:N40)-1),"▲ Yükseliş",IF(INDEX(C40:N40,COUNT(C40:N40))<INDEX(C40:N40,COUNT(C40:N40)-1),"▼ Düşüş","▬ Sabit"))) -> —
A41: 37 | B41: Tuzla | O41: =IF(COUNT(C41:N41)=0,"",AVERAGE(C41:N41)) | P41: =IF(COUNT(C41:N41)<2,"—",IF(INDEX(C41:N41,COUNT(C41:N41))>INDEX(C41:N41,COUNT(C41:N41)-1),"▲ Yükseliş",IF(INDEX(C41:N41,COUNT(C41:N41))<INDEX(C41:N41,COUNT(C41:N41)-1),"▼ Düşüş","▬ Sabit"))) -> —
A42: 38 | B42: Şile | O42: =IF(COUNT(C42:N42)=0,"",AVERAGE(C42:N42)) | P42: =IF(COUNT(C42:N42)<2,"—",IF(INDEX(C42:N42,COUNT(C42:N42))>INDEX(C42:N42,COUNT(C42:N42)-1),"▲ Yükseliş",IF(INDEX(C42:N42,COUNT(C42:N42))<INDEX(C42:N42,COUNT(C42:N42)-1),"▼ Düşüş","▬ Sabit"))) -> —
A43: 39 | B43: Adalar | O43: =IF(COUNT(C43:N43)=0,"",AVERAGE(C43:N43)) | P43: =IF(COUNT(C43:N43)<2,"—",IF(INDEX(C43:N43,COUNT(C43:N43))>INDEX(C43:N43,COUNT(C43:N43)-1),"▲ Yükseliş",IF(INDEX(C43:N43,COUNT(C43:N43))<INDEX(C43:N43,COUNT(C43:N43)-1),"▼ Düşüş","▬ Sabit"))) -> —
B44: İSTANBUL ORTALAMASI | C44: =IF(COUNT(C5:C43)=0,"",AVERAGE(C5:C43)) | D44: =IF(COUNT(D5:D43)=0,"",AVERAGE(D5:D43)) | E44: =IF(COUNT(E5:E43)=0,"",AVERAGE(E5:E43)) -> 42.388889 | F44: =IF(COUNT(F5:F43)=0,"",AVERAGE(F5:F43)) | G44: =IF(COUNT(G5:G43)=0,"",AVERAGE(G5:G43)) | H44: =IF(COUNT(H5:H43)=0,"",AVERAGE(H5:H43)) | I44: =IF(COUNT(I5:I43)=0,"",AVERAGE(I5:I43)) | J44: =IF(COUNT(J5:J43)=0,"",AVERAGE(J5:J43)) | ... N44: =IF(COUNT(N5:N43)=0,"",AVERAGE(N5:N43))
A46: Temsilciliğimiz olmayan ilçeler bölge renginde ve boş. Açıldıkça satırları dolmaya başlar. Trend grafiği ve ▲▼ okları arşiv doldukça canlanır.

Sheet 5 DASHBOARD
A1: İLÇE PERFORMANS DASHBOARD — YEDİHİLAL İSTANBUL
B2: Aktif ay no (1=Ocak … 12=Aralık): | E2: 3 | F2: ← karşılaştırma bu aya göre
B4: İSTANBUL'DA TOPLAM İLÇE | D4: TEMSİLCİLİĞİMİZ OLAN İLÇE | F4: KAPSAMA ORANI | H4: ORTALAMA PUAN | J4: EN YÜKSEK PUAN | L4: EN DÜŞÜK PUAN | N4: YATSI PROGRAMI YAPMAYAN İLÇE
B5: =COUNTA('3 VERI GIRISI'!$C$6:$C$44) -> 39 | D5: =COUNTIF('3 VERI GIRISI'!$D$6:$D$44,"Evet") -> 9 | F5: =IFERROR(COUNTIF('3 VERI GIRISI'!$D$6:$D$44,"Evet")/COUNTA('3 VERI GIRISI'!$C$6:$C$44),0) -> 0.23076923 | H5: ='3 VERI GIRISI'!$AC$45 -> 42.388889 | J5: =IFERROR(LARGE('3 VERI GIRISI'!$AC$6:$AC$44,1),0) -> 63 | L5: =IFERROR(LARGE('3 VERI GIRISI'!$AC$6:$AC$44,COUNTIF('3 VERI GIRISI'!$D$6:$D$44,"Evet")),0) -> 30 | N5: =COUNTIFS('3 VERI GIRISI'!$D$6:$D$44,"Evet",'3 VERI GIRISI'!$O$6:$O$44,"Yapılmadı") -> 9
B8: GENEL SIRALAMA (sadece aktif temsilcilikler) | I8: KRİTER ANALİZİ — İSTANBUL NEREDE ZAYIF?
I9: Kriter | J9: Ort. puan | K9: Max | L9: Doluluk % | M9: Yorum / aksiyon
A10: 1 | B10: =IFERROR(INDEX('3 VERI GIRISI'!$C$6:$C$44,MATCH(LARGE('3 VERI GIRISI'!$AE$6:$AE$44,1),'3 VERI GIRISI'!$AE$6:$AE$44,0)),"") -> Bahçelievler | C10: =IFERROR(INDEX('3 VERI GIRISI'!$AC$6:$AC$44,MATCH(LARGE('3 VERI GIRISI'!$AE$6:$AE$44,1),'3 VERI GIRISI'!$AE$6:$AE$44,0)),"") -> 63 | D10: =IFERROR(INDEX('3 VERI GIRISI'!$AD$6:$AD$44,MATCH(LARGE('3 VERI GIRISI'!$AE$6:$AE$44,1),'3 VERI GIRISI'!$AE$6:$AE$44,0)),"") -> B | E10: =IF(OR($B10="",$E$2<2),"",IF(IFERROR(INDEX('4 AYLIK ARSIV'!$C$5:$N$43,MATCH($B10,'4 AYLIK ARSIV'!$B$5:$B$43,0),$E$2-1),0)=0,"",INDEX('4 AYLIK ARSIV'!$C$5:$N$43,MATCH($B10,'4 AYLIK ARSIV'!$B$5:$B$43,0),$E$2-1))) | F10: =IF(OR($C10="",$E10=""),"",$C10-$E10) | G10: =IF($F10="","—",IF($F10>0,"▲",IF($F10<0,"▼","▬"))) -> — | I10: ='1 AYAR'!B4 -> İlçe Yönetim Kurulu kişi sayısı | J10: =IFERROR(SUMIF('3 VERI GIRISI'!$D$6:$D$44,"Evet",'3 VERI GIRISI'!F$6:F$44)/COUNTIF('3 VERI GIRISI'!$D$6:$D$44,"Evet"),0) -> 10.777778 | K10: ='1 AYAR'!E4 -> 20 | L10: =IFERROR(J10/K10,0) -> 0.53888889 | M10: =IF(L10<0.25,"🔴 ÇÖKMÜŞ — il seviyesinde seferberlik",IF(L10<0.5,"🟠 ZAYIF — bu ayın hedefi buradan seçilsin",IF(L10<0.75,"🟡 ORTA","🟢 İYİ"))) -> 🟡 ORTA
A11: 2 | B11: =IFERROR(INDEX('3 VERI GIRISI'!$C$6:$C$44,MATCH(LARGE('3 VERI GIRISI'!$AE$6:$AE$44,2),'3 VERI GIRISI'!$AE$6:$AE$44,0)),"") -> Esenler | C11: =IFERROR(INDEX('3 VERI GIRISI'!$AC$6:$AC$44,MATCH(LARGE('3 VERI GIRISI'!$AE$6:$AE$44,2),'3 VERI GIRISI'!$AE$6:$AE$44,0)),"") -> 58 | D11: =IFERROR(INDEX('3 VERI GIRISI'!$AD$6:$AD$44,MATCH(LARGE('3 VERI GIRISI'!$AE$6:$AE$44,2),'3 VERI GIRISI'!$AE$6:$AE$44,0)),"") -> B | E11: =IF(OR($B11="",$E$2<2),"",IF(IFERROR(INDEX('4 AYLIK ARSIV'!$C$5:$N$43,MATCH($B11,'4 AYLIK ARSIV'!$B$5:$B$43,0),$E$2-1),0)=0,"",INDEX('4 AYLIK ARSIV'!$C$5:$N$43,MATCH($B11,'4 AYLIK ARSIV'!$B$5:$B$43,0),$E$2-1))) | F11: =IF(OR($C11="",$E11=""),"",$C11-$E11) | G11: =IF($F11="","—",IF($F11>0,"▲",IF($F11<0,"▼","▬"))) -> — | I11: ='1 AYAR'!B5 -> Aylık yapılan YK toplantı sayısı | J11: =IFERROR(SUMIF('3 VERI GIRISI'!$D$6:$D$44,"Evet",'3 VERI GIRISI'!H$6:H$44)/COUNTIF('3 VERI GIRISI'!$D$6:$D$44,"Evet"),0) -> 9.1666667 | K11: ='1 AYAR'!E5 -> 10 | L11: =IFERROR(J11/K11,0) -> 0.91666667 | M11: =IF(L11<0.25,"🔴 ÇÖKMÜŞ — il seviyesinde seferberlik",IF(L11<0.5,"🟠 ZAYIF — bu ayın hedefi buradan seçilsin",IF(L11<0.75,"🟡 ORTA","🟢 İYİ"))) -> 🟢 İYİ
A12: 3 | B12: =IFERROR(INDEX('3 VERI GIRISI'!$C$6:$C$44,MATCH(LARGE('3 VERI GIRISI'!$AE$6:$AE$44,3),'3 VERI GIRISI'!$AE$6:$AE$44,0)),"") -> Kartal | C12: =IFERROR(INDEX('3 VERI GIRISI'!$AC$6:$AC$44,MATCH(LARGE('3 VERI GIRISI'!$AE$6:$AE$44,3),'3 VERI GIRISI'!$AE$6:$AE$44,0)),"") -> 46.5 | D12: =IFERROR(INDEX('3 VERI GIRISI'!$AD$6:$AD$44,MATCH(LARGE('3 VERI GIRISI'!$AE$6:$AE$44,3),'3 VERI GIRISI'!$AE$6:$AE$44,0)),"") -> C | E12: =IF(OR($B12="",$E$2<2),"",IF(IFERROR(INDEX('4 AYLIK ARSIV'!$C$5:$N$43,MATCH($B12,'4 AYLIK ARSIV'!$B$5:$B$43,0),$E$2-1),0)=0,"",INDEX('4 AYLIK ARSIV'!$C$5:$N$43,MATCH($B12,'4 AYLIK ARSIV'!$B$5:$B$43,0),$E$2-1))) | F12: =IF(OR($C12="",$E12=""),"",$C12-$E12) | G12: =IF($F12="","—",IF($F12>0,"▲",IF($F12<0,"▼","▬"))) -> — | I12: ='1 AYAR'!B6 -> İlçenin kendine ait temsilcilik merkezi var mı? | J12: =IFERROR(SUMIF('3 VERI GIRISI'!$D$6:$D$44,"Evet",'3 VERI GIRISI'!J$6:J$44)/COUNTIF('3 VERI GIRISI'!$D$6:$D$44,"Evet"),0) -> 3.8888889 | K12: ='1 AYAR'!E6 -> 5 | L12: =IFERROR(J12/K12,0) -> 0.77777778 | M12: =IF(L12<0.25,"🔴 ÇÖKMÜŞ — il seviyesinde seferberlik",IF(L12<0.5,"🟠 ZAYIF — bu ayın hedefi buradan seçilsin",IF(L12<0.75,"🟡 ORTA","🟢 İYİ"))) -> 🟢 İYİ
A13: 4 | B13: =IFERROR(INDEX('3 VERI GIRISI'!$C$6:$C$44,MATCH(LARGE('3 VERI GIRISI'!$AE$6:$AE$44,4),'3 VERI GIRISI'!$AE$6:$AE$44,0)),"") -> Kadıköy | C13: =IFERROR(INDEX('3 VERI GIRISI'!$AC$6:$AC$44,MATCH(LARGE('3 VERI GIRISI'!$AE$6:$AE$44,4),'3 VERI GIRISI'!$AE$6:$AE$44,0)),"") -> 41.5 | D13: =IFERROR(INDEX('3 VERI GIRISI'!$AD$6:$AD$44,MATCH(LARGE('3 VERI GIRISI'!$AE$6:$AE$44,4),'3 VERI GIRISI'!$AE$6:$AE$44,0)),"") -> C | E13: =IF(OR($B13="",$E$2<2),"",IF(IFERROR(INDEX('4 AYLIK ARSIV'!$C$5:$N$43,MATCH($B13,'4 AYLIK ARSIV'!$B$5:$B$43,0),$E$2-1),0)=0,"",INDEX('4 AYLIK ARSIV'!$C$5:$N$43,MATCH($B13,'4 AYLIK ARSIV'!$B$5:$B$43,0),$E$2-1))) | F13: =IF(OR($C13="",$E13=""),"",$C13-$E13) | G13: =IF($F13="","—",IF($F13>0,"▲",IF($F13<0,"▼","▬"))) -> — | I13: ='1 AYAR'!B7 -> Yed-i Hilal Meclisi kişi sayısı | J13: =IFERROR(SUMIF('3 VERI GIRISI'!$D$6:$D$44,"Evet",'3 VERI GIRISI'!L$6:L$44)/COUNTIF('3 VERI GIRISI'!$D$6:$D$44,"Evet"),0) -> 4.3333333 | K13: ='1 AYAR'!E7 -> 10 | L13: =IFERROR(J13/K13,0) -> 0.43333333 | M13: =IF(L13<0.25,"🔴 ÇÖKMÜŞ — il seviyesinde seferberlik",IF(L13<0.5,"🟠 ZAYIF — bu ayın hedefi buradan seçilsin",IF(L13<0.75,"🟡 ORTA","🟢 İYİ"))) -> 🟠 ZAYIF — bu ayın hedefi buradan seçilsin
A14: 5 | B14: =IFERROR(INDEX('3 VERI GIRISI'!$C$6:$C$44,MATCH(LARGE('3 VERI GIRISI'!$AE$6:$AE$44,5),'3 VERI GIRISI'!$AE$6:$AE$44,0)),"") -> Kağıthane | C14: =IFERROR(INDEX('3 VERI GIRISI'!$AC$6:$AC$44,MATCH(LARGE('3 VERI GIRISI'!$AE$6:$AE$44,5),'3 VERI GIRISI'!$AE$6:$AE$44,0)),"") -> 39 | D14: =IFERROR(INDEX('3 VERI GIRISI'!$AD$6:$AD$44,MATCH(LARGE('3 VERI GIRISI'!$AE$6:$AE$44,5),'3 VERI GIRISI'!$AE$6:$AE$44,0)),"") -> C | E14: =IF(OR($B14="",$E$2<2),"",IF(IFERROR(INDEX('4 AYLIK ARSIV'!$C$5:$N$43,MATCH($B14,'4 AYLIK ARSIV'!$B$5:$B$43,0),$E$2-1),0)=0,"",INDEX('4 AYLIK ARSIV'!$C$5:$N$43,MATCH($B14,'4 AYLIK ARSIV'!$B$5:$B$43,0),$E$2-1))) | F14: =IF(OR($C14="",$E14=""),"",$C14-$E14) | G14: =IF($F14="","—",IF($F14>0,"▲",IF($F14<0,"▼","▬"))) -> — | I14: ='1 AYAR'!B8 -> Yeni gönüllü çalışması katılım sayısı | J14: =IFERROR(SUMIF('3 VERI GIRISI'!$D$6:$D$44,"Evet",'3 VERI GIRISI'!N$6:N$44)/COUNTIF('3 VERI GIRISI'!$D$6:$D$44,"Evet"),0) -> 2.1111111 | K14: ='1 AYAR'!E8 -> 10 | L14: =IFERROR(J14/K14,0) -> 0.21111111 | M14: =IF(L14<0.25,"🔴 ÇÖKMÜŞ — il seviyesinde seferberlik",IF(L14<0.5,"🟠 ZAYIF — bu ayın hedefi buradan seçilsin",IF(L14<0.75,"🟡 ORTA","🟢 İYİ"))) -> 🔴 ÇÖKMÜŞ — il seviyesinde seferberlik
A15: 6 | B15: =IFERROR(INDEX('3 VERI GIRISI'!$C$6:$C$44,MATCH(LARGE('3 VERI GIRISI'!$AE$6:$AE$44,6),'3 VERI GIRISI'!$AE$6:$AE$44,0)),"") -> Bağcılar | C15: =IFERROR(INDEX('3 VERI GIRISI'!$AC$6:$AC$44,MATCH(LARGE('3 VERI GIRISI'!$AE$6:$AE$44,6),'3 VERI GIRISI'!$AE$6:$AE$44,0)),"") -> 36 | D15: =IFERROR(INDEX('3 VERI GIRISI'!$AD$6:$AD$44,MATCH(LARGE('3 VERI GIRISI'!$AE$6:$AE$44,6),'3 VERI GIRISI'!$AE$6:$AE$44,0)),"") -> C | E15: =IF(OR($B15="",$E$2<2),"",IF(IFERROR(INDEX('4 AYLIK ARSIV'!$C$5:$N$43,MATCH($B15,'4 AYLIK ARSIV'!$B$5:$B$43,0),$E$2-1),0)=0,"",INDEX('4 AYLIK ARSIV'!$C$5:$N$43,MATCH($B15,'4 AYLIK ARSIV'!$B$5:$B$43,0),$E$2-1))) | F15: =IF(OR($C15="",$E15=""),"",$C15-$E15) | G15: =IF($F15="","—",IF($F15>0,"▲",IF($F15<0,"▼","▬"))) -> — | I15: ='1 AYAR'!B9 -> «Yatsıya Kadar» programı yapıldı mı? | J15: =IFERROR(SUMIF('3 VERI GIRISI'!$D$6:$D$44,"Evet",'3 VERI GIRISI'!P$6:P$44)/COUNTIF('3 VERI GIRISI'!$D$6:$D$44,"Evet"),0) -> 0 | K15: ='1 AYAR'!E9 -> 10 | L15: =IFERROR(J15/K15,0) -> 0 | M15: =IF(L15<0.25,"🔴 ÇÖKMÜŞ — il seviyesinde seferberlik",IF(L15<0.5,"🟠 ZAYIF — bu ayın hedefi buradan seçilsin",IF(L15<0.75,"🟡 ORTA","🟢 İYİ"))) -> 🔴 ÇÖKMÜŞ — il seviyesinde seferberlik
A16: 7 | B16: =IFERROR(INDEX('3 VERI GIRISI'!$C$6:$C$44,MATCH(LARGE('3 VERI GIRISI'!$AE$6:$AE$44,7),'3 VERI GIRISI'!$AE$6:$AE$44,0)),"") -> Ümraniye | C16: =IFERROR(INDEX('3 VERI GIRISI'!$AC$6:$AC$44,MATCH(LARGE('3 VERI GIRISI'!$AE$6:$AE$44,7),'3 VERI GIRISI'!$AE$6:$AE$44,0)),"") -> 35 | D16: =IFERROR(INDEX('3 VERI GIRISI'!$AD$6:$AD$44,MATCH(LARGE('3 VERI GIRISI'!$AE$6:$AE$44,7),'3 VERI GIRISI'!$AE$6:$AE$44,0)),"") -> C | E16: =IF(OR($B16="",$E$2<2),"",IF(IFERROR(INDEX('4 AYLIK ARSIV'!$C$5:$N$43,MATCH($B16,'4 AYLIK ARSIV'!$B$5:$B$43,0),$E$2-1),0)=0,"",INDEX('4 AYLIK ARSIV'!$C$5:$N$43,MATCH($B16,'4 AYLIK ARSIV'!$B$5:$B$43,0),$E$2-1))) | F16: =IF(OR($C16="",$E16=""),"",$C16-$E16) | G16: =IF($F16="","—",IF($F16>0,"▲",IF($F16<0,"▼","▬"))) -> — | I16: ='1 AYAR'!B10 -> Sabah Namazı Buluşması yapıldı mı? | J16: =IFERROR(SUMIF('3 VERI GIRISI'!$D$6:$D$44,"Evet",'3 VERI GIRISI'!R$6:R$44)/COUNTIF('3 VERI GIRISI'!$D$6:$D$44,"Evet"),0) -> 4.4444444 | K16: ='1 AYAR'!E10 -> 10 | L16: =IFERROR(J16/K16,0) -> 0.44444444 | M16: =IF(L16<0.25,"🔴 ÇÖKMÜŞ — il seviyesinde seferberlik",IF(L16<0.5,"🟠 ZAYIF — bu ayın hedefi buradan seçilsin",IF(L16<0.75,"🟡 ORTA","🟢 İYİ"))) -> 🟠 ZAYIF — bu ayın hedefi buradan seçilsin
A17: 8 | B17: =IFERROR(INDEX('3 VERI GIRISI'!$C$6:$C$44,MATCH(LARGE('3 VERI GIRISI'!$AE$6:$AE$44,8),'3 VERI GIRISI'!$AE$6:$AE$44,0)),"") -> Üsküdar (Kirazlıtepe) | C17: =IFERROR(INDEX('3 VERI GIRISI'!$AC$6:$AC$44,MATCH(LARGE('3 VERI GIRISI'!$AE$6:$AE$44,8),'3 VERI GIRISI'!$AE$6:$AE$44,0)),"") -> 32.5 | D17: =IFERROR(INDEX('3 VERI GIRISI'!$AD$6:$AD$44,MATCH(LARGE('3 VERI GIRISI'!$AE$6:$AE$44,8),'3 VERI GIRISI'!$AE$6:$AE$44,0)),"") -> D | E17: =IF(OR($B17="",$E$2<2),"",IF(IFERROR(INDEX('4 AYLIK ARSIV'!$C$5:$N$43,MATCH($B17,'4 AYLIK ARSIV'!$B$5:$B$43,0),$E$2-1),0)=0,"",INDEX('4 AYLIK ARSIV'!$C$5:$N$43,MATCH($B17,'4 AYLIK ARSIV'!$B$5:$B$43,0),$E$2-1))) | F17: =IF(OR($C17="",$E17=""),"",$C17-$E17) | G17: =IF($F17="","—",IF($F17>0,"▲",IF($F17<0,"▼","▬"))) -> — | I17: ='1 AYAR'!B11 -> Ortaokul ziyareti (kaç okula?) | J17: =IFERROR(SUMIF('3 VERI GIRISI'!$D$6:$D$44,"Evet",'3 VERI GIRISI'!T$6:T$44)/COUNTIF('3 VERI GIRISI'!$D$6:$D$44,"Evet"),0) -> 0.66666667 | K17: ='1 AYAR'!E11 -> 5 | L17: =IFERROR(J17/K17,0) -> 0.13333333 | M17: =IF(L17<0.25,"🔴 ÇÖKMÜŞ — il seviyesinde seferberlik",IF(L17<0.5,"🟠 ZAYIF — bu ayın hedefi buradan seçilsin",IF(L17<0.75,"🟡 ORTA","🟢 İYİ"))) -> 🔴 ÇÖKMÜŞ — il seviyesinde seferberlik
A18: 9 | B18: =IFERROR(INDEX('3 VERI GIRISI'!$C$6:$C$44,MATCH(LARGE('3 VERI GIRISI'!$AE$6:$AE$44,9),'3 VERI GIRISI'!$AE$6:$AE$44,0)),"") -> Pendik | C18: =IFERROR(INDEX('3 VERI GIRISI'!$AC$6:$AC$44,MATCH(LARGE('3 VERI GIRISI'!$AE$6:$AE$44,9),'3 VERI GIRISI'!$AE$6:$AE$44,0)),"") -> 30 | D18: =IFERROR(INDEX('3 VERI GIRISI'!$AD$6:$AD$44,MATCH(LARGE('3 VERI GIRISI'!$AE$6:$AE$44,9),'3 VERI GIRISI'!$AE$6:$AE$44,0)),"") -> D | E18: =IF(OR($B18="",$E$2<2),"",IF(IFERROR(INDEX('4 AYLIK ARSIV'!$C$5:$N$43,MATCH($B18,'4 AYLIK ARSIV'!$B$5:$B$43,0),$E$2-1),0)=0,"",INDEX('4 AYLIK ARSIV'!$C$5:$N$43,MATCH($B18,'4 AYLIK ARSIV'!$B$5:$B$43,0),$E$2-1))) | F18: =IF(OR($C18="",$E18=""),"",$C18-$E18) | G18: =IF($F18="","—",IF($F18>0,"▲",IF($F18<0,"▼","▬"))) -> — | I18: ='1 AYAR'!B12 -> Lise ziyareti (kaç okula?) | J18: =IFERROR(SUMIF('3 VERI GIRISI'!$D$6:$D$44,"Evet",'3 VERI GIRISI'!V$6:V$44)/COUNTIF('3 VERI GIRISI'!$D$6:$D$44,"Evet"),0) -> 0.88888889 | K18: ='1 AYAR'!E12 -> 5 | L18: =IFERROR(J18/K18,0) -> 0.17777778 | M18: =IF(L18<0.25,"🔴 ÇÖKMÜŞ — il seviyesinde seferberlik",IF(L18<0.5,"🟠 ZAYIF — bu ayın hedefi buradan seçilsin",IF(L18<0.75,"🟡 ORTA","🟢 İYİ"))) -> 🔴 ÇÖKMÜŞ — il seviyesinde seferberlik
A19: 10 | B19: =IFERROR(INDEX('3 VERI GIRISI'!$C$6:$C$44,MATCH(LARGE('3 VERI GIRISI'!$AE$6:$AE$44,10),'3 VERI GIRISI'!$AE$6:$AE$44,0)),"") | C19: =IFERROR(INDEX('3 VERI GIRISI'!$AC$6:$AC$44,MATCH(LARGE('3 VERI GIRISI'!$AE$6:$AE$44,10),'3 VERI GIRISI'!$AE$6:$AE$44,0)),"") | D19: =IFERROR(INDEX('3 VERI GIRISI'!$AD$6:$AD$44,MATCH(LARGE('3 VERI GIRISI'!$AE$6:$AE$44,10),'3 VERI GIRISI'!$AE$6:$AE$44,0)),"") | E19: =IF(OR($B19="",$E$2<2),"",IF(IFERROR(INDEX('4 AYLIK ARSIV'!$C$5:$N$43,MATCH($B19,'4 AYLIK ARSIV'!$B$5:$B$43,0),$E$2-1),0)=0,"",INDEX('4 AYLIK ARSIV'!$C$5:$N$43,MATCH($B19,'4 AYLIK ARSIV'!$B$5:$B$43,0),$E$2-1))) | F19: =IF(OR($C19="",$E19=""),"",$C19-$E19) | G19: =IF($F19="","—",IF($F19>0,"▲",IF($F19<0,"▼","▬"))) -> — | I19: ='1 AYAR'!B13 -> Bağışçı ziyareti (kaç ziyaret?) | J19: =IFERROR(SUMIF('3 VERI GIRISI'!$D$6:$D$44,"Evet",'3 VERI GIRISI'!X$6:X$44)/COUNTIF('3 VERI GIRISI'!$D$6:$D$44,"Evet"),0) -> 1.4444444 | K19: ='1 AYAR'!E13 -> 5 | L19: =IFERROR(J19/K19,0) -> 0.28888889 | M19: =IF(L19<0.25,"🔴 ÇÖKMÜŞ — il seviyesinde seferberlik",IF(L19<0.5,"🟠 ZAYIF — bu ayın hedefi buradan seçilsin",IF(L19<0.75,"🟡 ORTA","🟢 İYİ"))) -> 🟠 ZAYIF — bu ayın hedefi buradan seçilsin
A20: 11 | B20: =IFERROR(INDEX('3 VERI GIRISI'!$C$6:$C$44,MATCH(LARGE('3 VERI GIRISI'!$AE$6:$AE$44,11),'3 VERI GIRISI'!$AE$6:$AE$44,0)),"") | C20: =IFERROR(INDEX('3 VERI GIRISI'!$AC$6:$AC$44,MATCH(LARGE('3 VERI GIRISI'!$AE$6:$AE$44,11),'3 VERI GIRISI'!$AE$6:$AE$44,0)),"") | D20: =IFERROR(INDEX('3 VERI GIRISI'!$AD$6:$AD$44,MATCH(LARGE('3 VERI GIRISI'!$AE$6:$AE$44,11),'3 VERI GIRISI'!$AE$6:$AE$44,0)),"") | E20: =IF(OR($B20="",$E$2<2),"",IF(IFERROR(INDEX('4 AYLIK ARSIV'!$C$5:$N$43,MATCH($B20,'4 AYLIK ARSIV'!$B$5:$B$43,0),$E$2-1),0)=0,"",INDEX('4 AYLIK ARSIV'!$C$5:$N$43,MATCH($B20,'4 AYLIK ARSIV'!$B$5:$B$43,0),$E$2-1))) | F20: =IF(OR($C20="",$E20=""),"",$C20-$E20) | G20: =IF($F20="","—",IF($F20>0,"▲",IF($F20<0,"▼","▬"))) -> — | I20: ='1 AYAR'!B14 -> Kurumsal ziyaret (kaç kurum?) | J20: =IFERROR(SUMIF('3 VERI GIRISI'!$D$6:$D$44,"Evet",'3 VERI GIRISI'!Z$6:Z$44)/COUNTIF('3 VERI GIRISI'!$D$6:$D$44,"Evet"),0) -> 1.3333333 | K20: ='1 AYAR'!E14 -> 5 | L20: =IFERROR(J20/K20,0) -> 0.26666667 | M20: =IF(L20<0.25,"🔴 ÇÖKMÜŞ — il seviyesinde seferberlik",IF(L20<0.5,"🟠 ZAYIF — bu ayın hedefi buradan seçilsin",IF(L20<0.75,"🟡 ORTA","🟢 İYİ"))) -> 🟠 ZAYIF — bu ayın hedefi buradan seçilsin
A21: 12 | B21: =IFERROR(INDEX('3 VERI GIRISI'!$C$6:$C$44,MATCH(LARGE('3 VERI GIRISI'!$AE$6:$AE$44,12),'3 VERI GIRISI'!$AE$6:$AE$44,0)),"") | C21: =IFERROR(INDEX('3 VERI GIRISI'!$AC$6:$AC$44,MATCH(LARGE('3 VERI GIRISI'!$AE$6:$AE$44,12),'3 VERI GIRISI'!$AE$6:$AE$44,0)),"") | D21: =IFERROR(INDEX('3 VERI GIRISI'!$AD$6:$AD$44,MATCH(LARGE('3 VERI GIRISI'!$AE$6:$AE$44,12),'3 VERI GIRISI'!$AE$6:$AE$44,0)),"") | E21: =IF(OR($B21="",$E$2<2),"",IF(IFERROR(INDEX('4 AYLIK ARSIV'!$C$5:$N$43,MATCH($B21,'4 AYLIK ARSIV'!$B$5:$B$43,0),$E$2-1),0)=0,"",INDEX('4 AYLIK ARSIV'!$C$5:$N$43,MATCH($B21,'4 AYLIK ARSIV'!$B$5:$B$43,0),$E$2-1))) | F21: =IF(OR($C21="",$E21=""),"",$C21-$E21) | G21: =IF($F21="","—",IF($F21>0,"▲",IF($F21<0,"▼","▬"))) -> — | I21: ='1 AYAR'!B15 -> İlçeye özgün çalışma (nerede, ne zaman, ne yapıldı?) | J21: =IFERROR(SUMIF('3 VERI GIRISI'!$D$6:$D$44,"Evet",'3 VERI GIRISI'!AB$6:AB$44)/COUNTIF('3 VERI GIRISI'!$D$6:$D$44,"Evet"),0) -> 3.3333333 | K21: ='1 AYAR'!E15 -> 5 | L21: =IFERROR(J21/K21,0) -> 0.66666667 | M21: =IF(L21<0.25,"🔴 ÇÖKMÜŞ — il seviyesinde seferberlik",IF(L21<0.5,"🟠 ZAYIF — bu ayın hedefi buradan seçilsin",IF(L21<0.75,"🟡 ORTA","🟢 İYİ"))) -> 🟡 ORTA
A22: 13 | B22: =IFERROR(INDEX('3 VERI GIRISI'!$C$6:$C$44,MATCH(LARGE('3 VERI GIRISI'!$AE$6:$AE$44,13),'3 VERI GIRISI'!$AE$6:$AE$44,0)),"") | C22: =IFERROR(INDEX('3 VERI GIRISI'!$AC$6:$AC$44,MATCH(LARGE('3 VERI GIRISI'!$AE$6:$AE$44,13),'3 VERI GIRISI'!$AE$6:$AE$44,0)),"") | D22: =IFERROR(INDEX('3 VERI GIRISI'!$AD$6:$AD$44,MATCH(LARGE('3 VERI GIRISI'!$AE$6:$AE$44,13),'3 VERI GIRISI'!$AE$6:$AE$44,0)),"") | E22: =IF(OR($B22="",$E$2<2),"",IF(IFERROR(INDEX('4 AYLIK ARSIV'!$C$5:$N$43,MATCH($B22,'4 AYLIK ARSIV'!$B$5:$B$43,0),$E$2-1),0)=0,"",INDEX('4 AYLIK ARSIV'!$C$5:$N$43,MATCH($B22,'4 AYLIK ARSIV'!$B$5:$B$43,0),$E$2-1))) | F22: =IF(OR($C22="",$E22=""),"",$C22-$E22) | G22: =IF($F22="","—",IF($F22>0,"▲",IF($F22<0,"▼","▬"))) -> —
A23: 14 | B23: =IFERROR(INDEX('3 VERI GIRISI'!$C$6:$C$44,MATCH(LARGE('3 VERI GIRISI'!$AE$6:$AE$44,14),'3 VERI GIRISI'!$AE$6:$AE$44,0)),"") | C23: =IFERROR(INDEX('3 VERI GIRISI'!$AC$6:$AC$44,MATCH(LARGE('3 VERI GIRISI'!$AE$6:$AE$44,14),'3 VERI GIRISI'!$AE$6:$AE$44,0)),"") | D23: =IFERROR(INDEX('3 VERI GIRISI'!$AD$6:$AD$44,MATCH(LARGE('3 VERI GIRISI'!$AE$6:$AE$44,14),'3 VERI GIRISI'!$AE$6:$AE$44,0)),"") | E23: =IF(OR($B23="",$E$2<2),"",IF(IFERROR(INDEX('4 AYLIK ARSIV'!$C$5:$N$43,MATCH($B23,'4 AYLIK ARSIV'!$B$5:$B$43,0),$E$2-1),0)=0,"",INDEX('4 AYLIK ARSIV'!$C$5:$N$43,MATCH($B23,'4 AYLIK ARSIV'!$B$5:$B$43,0),$E$2-1))) | F23: =IF(OR($C23="",$E23=""),"",$C23-$E23) | G23: =IF($F23="","—",IF($F23>0,"▲",IF($F23<0,"▼","▬"))) -> — | I23: NASIL OKUNUR: Sıralama KİMİN zayıf olduğunu söyler. Kriter analizi NEYİN zayıf olduğunu söyler — asıl yönetim kararı buradan çıkar. Örnek (Mart 2024): «Yatsıya Kadar»da doluluk %0 — 9 ilçenin 9'u da yapmamış. Bu, ilçelerin tembelliği değil; İL SEVİYESİNDE bir eksikliktir. Tek bir il kararıyla 9 ilçeye birden 10'ar puan kazandırırsın: İstanbul ortalaması 42 → 52. Okul ziyaretleri %13-18, YK toplantısı %92. Yani teşkilat TOPLANIYOR ama SAHAYA ÇIKMIYOR. Karnenin sana söylediği en sert cümle bu.
A24: 15 | B24: =IFERROR(INDEX('3 VERI GIRISI'!$C$6:$C$44,MATCH(LARGE('3 VERI GIRISI'!$AE$6:$AE$44,15),'3 VERI GIRISI'!$AE$6:$AE$44,0)),"") | C24: =IFERROR(INDEX('3 VERI GIRISI'!$AC$6:$AC$44,MATCH(LARGE('3 VERI GIRISI'!$AE$6:$AE$44,15),'3 VERI GIRISI'!$AE$6:$AE$44,0)),"") | D24: =IFERROR(INDEX('3 VERI GIRISI'!$AD$6:$AD$44,MATCH(LARGE('3 VERI GIRISI'!$AE$6:$AE$44,15),'3 VERI GIRISI'!$AE$6:$AE$44,0)),"") | E24: =IF(OR($B24="",$E$2<2),"",IF(IFERROR(INDEX('4 AYLIK ARSIV'!$C$5:$N$43,MATCH($B24,'4 AYLIK ARSIV'!$B$5:$B$43,0),$E$2-1),0)=0,"",INDEX('4 AYLIK ARSIV'!$C$5:$N$43,MATCH($B24,'4 AYLIK ARSIV'!$B$5:$B$43,0),$E$2-1))) | F24: =IF(OR($C24="",$E24=""),"",$C24-$E24) | G24: =IF($F24="","—",IF($F24>0,"▲",IF($F24<0,"▼","▬"))) -> —
A25: 16 | B25: =IFERROR(INDEX('3 VERI GIRISI'!$C$6:$C$44,MATCH(LARGE('3 VERI GIRISI'!$AE$6:$AE$44,16),'3 VERI GIRISI'!$AE$6:$AE$44,0)),"") | C25: =IFERROR(INDEX('3 VERI GIRISI'!$AC$6:$AC$44,MATCH(LARGE('3 VERI GIRISI'!$AE$6:$AE$44,16),'3 VERI GIRISI'!$AE$6:$AE$44,0)),"") | D25: =IFERROR(INDEX('3 VERI GIRISI'!$AD$6:$AD$44,MATCH(LARGE('3 VERI GIRISI'!$AE$6:$AE$44,16),'3 VERI GIRISI'!$AE$6:$AE$44,0)),"") | E25: =IF(OR($B25="",$E$2<2),"",IF(IFERROR(INDEX('4 AYLIK ARSIV'!$C$5:$N$43,MATCH($B25,'4 AYLIK ARSIV'!$B$5:$B$43,0),$E$2-1),0)=0,"",INDEX('4 AYLIK ARSIV'!$C$5:$N$43,MATCH($B25,'4 AYLIK ARSIV'!$B$5:$B$43,0),$E$2-1))) | F25: =IF(OR($C25="",$E25=""),"",$C25-$E25) | G25: =IF($F25="","—",IF($F25>0,"▲",IF($F25<0,"▼","▬"))) -> —
A26: 17 | B26: =IFERROR(INDEX('3 VERI GIRISI'!$C$6:$C$44,MATCH(LARGE('3 VERI GIRISI'!$AE$6:$AE$44,17),'3 VERI GIRISI'!$AE$6:$AE$44,0)),"") | C26: =IFERROR(INDEX('3 VERI GIRISI'!$AC$6:$AC$44,MATCH(LARGE('3 VERI GIRISI'!$AE$6:$AE$44,17),'3 VERI GIRISI'!$AE$6:$AE$44,0)),"") | D26: =IFERROR(INDEX('3 VERI GIRISI'!$AD$6:$AD$44,MATCH(LARGE('3 VERI GIRISI'!$AE$6:$AE$44,17),'3 VERI GIRISI'!$AE$6:$AE$44,0)),"") | E26: =IF(OR($B26="",$E$2<2),"",IF(IFERROR(INDEX('4 AYLIK ARSIV'!$C$5:$N$43,MATCH($B26,'4 AYLIK ARSIV'!$B$5:$B$43,0),$E$2-1),0)=0,"",INDEX('4 AYLIK ARSIV'!$C$5:$N$43,MATCH($B26,'4 AYLIK ARSIV'!$B$5:$B$43,0),$E$2-1))) | F26: =IF(OR($C26="",$E26=""),"",$C26-$E26) | G26: =IF($F26="","—",IF($F26>0,"▲",IF($F26<0,"▼","▬"))) -> —
A27: 18 | B27: =IFERROR(INDEX('3 VERI GIRISI'!$C$6:$C$44,MATCH(LARGE('3 VERI GIRISI'!$AE$6:$AE$44,18),'3 VERI GIRISI'!$AE$6:$AE$44,0)),"") | C27: =IFERROR(INDEX('3 VERI GIRISI'!$AC$6:$AC$44,MATCH(LARGE('3 VERI GIRISI'!$AE$6:$AE$44,18),'3 VERI GIRISI'!$AE$6:$AE$44,0)),"") | D27: =IFERROR(INDEX('3 VERI GIRISI'!$AD$6:$AD$44,MATCH(LARGE('3 VERI GIRISI'!$AE$6:$AE$44,18),'3 VERI GIRISI'!$AE$6:$AE$44,0)),"") | E27: =IF(OR($B27="",$E$2<2),"",IF(IFERROR(INDEX('4 AYLIK ARSIV'!$C$5:$N$43,MATCH($B27,'4 AYLIK ARSIV'!$B$5:$B$43,0),$E$2-1),0)=0,"",INDEX('4 AYLIK ARSIV'!$C$5:$N$43,MATCH($B27,'4 AYLIK ARSIV'!$B$5:$B$43,0),$E$2-1))) | F27: =IF(OR($C27="",$E27=""),"",$C27-$E27) | G27: =IF($F27="","—",IF($F27>0,"▲",IF($F27<0,"▼","▬"))) -> —
A28: 19 | B28: =IFERROR(INDEX('3 VERI GIRISI'!$C$6:$C$44,MATCH(LARGE('3 VERI GIRISI'!$AE$6:$AE$44,19),'3 VERI GIRISI'!$AE$6:$AE$44,0)),"") | C28: =IFERROR(INDEX('3 VERI GIRISI'!$AC$6:$AC$44,MATCH(LARGE('3 VERI GIRISI'!$AE$6:$AE$44,19),'3 VERI GIRISI'!$AE$6:$AE$44,0)),"") | D28: =IFERROR(INDEX('3 VERI GIRISI'!$AD$6:$AD$44,MATCH(LARGE('3 VERI GIRISI'!$AE$6:$AE$44,19),'3 VERI GIRISI'!$AE$6:$AE$44,0)),"") | E28: =IF(OR($B28="",$E$2<2),"",IF(IFERROR(INDEX('4 AYLIK ARSIV'!$C$5:$N$43,MATCH($B28,'4 AYLIK ARSIV'!$B$5:$B$43,0),$E$2-1),0)=0,"",INDEX('4 AYLIK ARSIV'!$C$5:$N$43,MATCH($B28,'4 AYLIK ARSIV'!$B$5:$B$43,0),$E$2-1))) | F28: =IF(OR($C28="",$E28=""),"",$C28-$E28) | G28: =IF($F28="","—",IF($F28>0,"▲",IF($F28<0,"▼","▬"))) -> —
A29: 20 | B29: =IFERROR(INDEX('3 VERI GIRISI'!$C$6:$C$44,MATCH(LARGE('3 VERI GIRISI'!$AE$6:$AE$44,20),'3 VERI GIRISI'!$AE$6:$AE$44,0)),"") | C29: =IFERROR(INDEX('3 VERI GIRISI'!$AC$6:$AC$44,MATCH(LARGE('3 VERI GIRISI'!$AE$6:$AE$44,20),'3 VERI GIRISI'!$AE$6:$AE$44,0)),"") | D29: =IFERROR(INDEX('3 VERI GIRISI'!$AD$6:$AD$44,MATCH(LARGE('3 VERI GIRISI'!$AE$6:$AE$44,20),'3 VERI GIRISI'!$AE$6:$AE$44,0)),"") | E29: =IF(OR($B29="",$E$2<2),"",IF(IFERROR(INDEX('4 AYLIK ARSIV'!$C$5:$N$43,MATCH($B29,'4 AYLIK ARSIV'!$B$5:$B$43,0),$E$2-1),0)=0,"",INDEX('4 AYLIK ARSIV'!$C$5:$N$43,MATCH($B29,'4 AYLIK ARSIV'!$B$5:$B$43,0),$E$2-1))) | F29: =IF(OR($C29="",$E29=""),"",$C29-$E29) | G29: =IF($F29="","—",IF($F29>0,"▲",IF($F29<0,"▼","▬"))) -> —
